SURVEY_YEAR,SEX,SIZE1,ABUN_IMM,ABUN_MAT
2010,FEMALE ,0,0,0
2010,FEMALE ,1,0,0
2010,FEMALE ,2,0,0
2010,FEMALE ,3,0,0
2010,FEMALE ,4,0,0
2010,FEMALE ,5,0,0
2010,FEMALE ,6,0,0
2010,FEMALE ,7,0,0
2010,FEMALE ,8,0,0
2010,FEMALE ,9,0,0
2010,FEMALE ,10,0,0
2010,FEMALE ,11,67861,0
2010,FEMALE ,12,0,0
2010,FEMALE ,13,0,0
2010,FEMALE ,14,0,0
2010,FEMALE ,15,33807,0
2010,FEMALE ,16,64927,0
2010,FEMALE ,17,186339,0
2010,FEMALE ,18,5319084,0
2010,FEMALE ,19,2458240,0
2010,FEMALE ,20,12024468,0
2010,FEMALE ,21,19276916,0
2010,FEMALE ,22,78661486,0
2010,FEMALE ,23,63099885,0
2010,FEMALE ,24,104036061,0
2010,FEMALE ,25,97994507,0
2010,FEMALE ,26,94206988,0
2010,FEMALE ,27,178832815,0
2010,FEMALE ,28,85253394,0
2010,FEMALE ,29,98975389,0
2010,FEMALE ,30,131706831,0
2010,FEMALE ,31,156372577,339318
2010,FEMALE ,32,247947585,0
2010,FEMALE ,33,200807860,0
2010,FEMALE ,34,209323314,0
2010,FEMALE ,35,235503986,0
2010,FEMALE ,36,224687157,0
2010,FEMALE ,37,279922224,1536166
2010,FEMALE ,38,303845713,8060168
2010,FEMALE ,39,241240692,116070
2010,FEMALE ,40,247020925,13075889
2010,FEMALE ,41,366129235,6351799
2010,FEMALE ,42,412862627,16616393
2010,FEMALE ,43,370185300,7767783
2010,FEMALE ,44,356139576,7002084
2010,FEMALE ,45,310816644,39236330
2010,FEMALE ,46,245761514,16507855
2010,FEMALE ,47,257561405,16928975
2010,FEMALE ,48,102617442,38605516
2010,FEMALE ,49,81460356,41827132
2010,FEMALE ,50,60105848,42591565
2010,FEMALE ,51,35767207,46389356
2010,FEMALE ,52,28200092,39421430
2010,FEMALE ,53,16450727,26289287
2010,FEMALE ,54,13666594,20201184
2010,FEMALE ,55,8281665,20154430
2010,FEMALE ,56,3685440,16331760
2010,FEMALE ,57,8903513,10329412
2010,FEMALE ,58,2004968,8998862
2010,FEMALE ,59,880804,433676
2010,FEMALE ,60,309652,2737722
2010,FEMALE ,61,0,5215705
2010,FEMALE ,62,0,496912
2010,FEMALE ,63,0,106568
2010,FEMALE ,64,0,7918568
2010,FEMALE ,65,0,0
2010,FEMALE ,66,0,0
2010,FEMALE ,67,29809,413354
2010,FEMALE ,68,0,0
2010,FEMALE ,69,0,0
2010,FEMALE ,70,0,0
2010,FEMALE ,71,0,0
2010,FEMALE ,72,0,0
2010,FEMALE ,73,0,0
2010,FEMALE ,74,0,0
2010,FEMALE ,75,0,0
2010,FEMALE ,76,0,0
2010,FEMALE ,77,0,0
2010,FEMALE ,78,0,0
2010,FEMALE ,79,0,0
2010,FEMALE ,80,0,0
2010,FEMALE ,81,0,0
2010,FEMALE ,82,0,0
2010,FEMALE ,83,0,0
2010,FEMALE ,84,0,0
2010,FEMALE ,85,0,0
2010,FEMALE ,86,0,0
2010,FEMALE ,87,0,0
2010,FEMALE ,88,0,0
2010,FEMALE ,89,0,0
2010,FEMALE ,90,0,0
2010,FEMALE ,91,0,0
2010,FEMALE ,92,0,0
2010,FEMALE ,93,0,0
2010,FEMALE ,94,0,0
2010,FEMALE ,95,0,0
2010,FEMALE ,96,0,0
2010,FEMALE ,97,0,0
2010,FEMALE ,98,0,0
2010,FEMALE ,99,0,0
2010,FEMALE ,100,0,0
2010,FEMALE ,101,0,0
2010,FEMALE ,102,0,0
2010,FEMALE ,103,0,0
2010,FEMALE ,104,0,0
2010,FEMALE ,105,0,0
2010,FEMALE ,106,0,0
2010,FEMALE ,107,0,0
2010,FEMALE ,108,0,0
2010,FEMALE ,109,0,0
2010,FEMALE ,110,0,0
2010,FEMALE ,111,0,0
2010,FEMALE ,112,0,0
2010,FEMALE ,113,0,0
2010,FEMALE ,114,0,0
2010,FEMALE ,115,0,0
2010,FEMALE ,116,0,0
2010,FEMALE ,117,0,0
2010,FEMALE ,118,0,0
2010,FEMALE ,119,0,0
2010,FEMALE ,120,0,0
2010,FEMALE ,121,0,0
2010,FEMALE ,122,0,0
2010,FEMALE ,123,0,0
2010,FEMALE ,124,0,0
2010,FEMALE ,125,0,0
2010,FEMALE ,126,0,0
2010,FEMALE ,127,0,0
2010,FEMALE ,128,0,0
2010,FEMALE ,129,0,0
2010,FEMALE ,130,0,0
2010,FEMALE ,131,0,0
2010,FEMALE ,132,0,0
2010,FEMALE ,133,0,0
2010,FEMALE ,134,0,0
2010,FEMALE ,135,0,0
2010,FEMALE ,136,0,0
2010,FEMALE ,137,0,0
2010,FEMALE ,138,0,0
2010,FEMALE ,139,0,0
2010,FEMALE ,140,0,0
2010,FEMALE ,141,0,0
2010,FEMALE ,142,0,0
2010,FEMALE ,143,0,0
2010,FEMALE ,144,0,0
2010,FEMALE ,145,0,0
2010,FEMALE ,146,0,0
2010,FEMALE ,147,0,0
2010,FEMALE ,148,0,0
2010,FEMALE ,149,0,0
2010,FEMALE ,150,0,0
2010,FEMALE ,151,0,0
2010,FEMALE ,152,0,0
2010,FEMALE ,153,0,0
2010,FEMALE ,154,0,0
2010,FEMALE ,155,0,0
2010,FEMALE ,156,0,0
2010,FEMALE ,157,0,0
2010,FEMALE ,158,0,0
2010,FEMALE ,159,0,0
2010,FEMALE ,160,0,0
2010,FEMALE ,161,0,0
2010,FEMALE ,162,0,0
2010,FEMALE ,163,0,0
2010,FEMALE ,164,0,0
2010,FEMALE ,165,0,0
2010,FEMALE ,166,0,0
2010,FEMALE ,167,0,0
2010,FEMALE ,168,0,0
2010,FEMALE ,169,0,0
2010,FEMALE ,170,0,0
2010,FEMALE ,171,0,0
2010,FEMALE ,172,0,0
2010,FEMALE ,173,0,0
2010,FEMALE ,174,0,0
2010,FEMALE ,175,0,0
2010,FEMALE ,176,0,0
2010,FEMALE ,177,0,0
2010,FEMALE ,178,0,0
2010,FEMALE ,179,0,0
2010,FEMALE ,180,0,0
2010,FEMALE ,181,0,0
2010,FEMALE ,182,0,0
2010,FEMALE ,183,0,0
2010,FEMALE ,184,0,0
2010,FEMALE ,185,0,0
2010,FEMALE ,186,0,0
2010,FEMALE ,187,0,0
2010,FEMALE ,188,0,0
2010,FEMALE ,189,0,0
2010,FEMALE ,190,0,0
2010,FEMALE ,191,0,0
2010,FEMALE ,192,0,0
2010,FEMALE ,193,0,0
2010,FEMALE ,194,0,0
2010,FEMALE ,195,0,0
2010,FEMALE ,196,0,0
2010,FEMALE ,197,0,0
2010,FEMALE ,198,0,0
2010,FEMALE ,199,0,0
2010,FEMALE ,200,0,0
2010,FEMALE ,201,0,0
2010,FEMALE ,202,0,0
2010,FEMALE ,203,0,0
2010,FEMALE ,204,0,0
2010,FEMALE ,205,0,0
2010,FEMALE ,206,0,0
2010,FEMALE ,207,0,0
2010,FEMALE ,208,0,0
2010,FEMALE ,209,0,0
2010,FEMALE ,210,0,0
2010,FEMALE ,211,0,0
2010,FEMALE ,212,0,0
2010,FEMALE ,213,0,0
2010,FEMALE ,214,0,0
2010,FEMALE ,215,0,0
2010,FEMALE ,216,0,0
2010,FEMALE ,217,0,0
2010,FEMALE ,218,0,0
2010,FEMALE ,219,0,0
2010,FEMALE ,220,0,0
2010,FEMALE ,221,0,0
2010,FEMALE ,222,0,0
2010,FEMALE ,223,0,0
2010,FEMALE ,224,0,0
2010,FEMALE ,225,0,0
2010,FEMALE ,226,0,0
2010,FEMALE ,227,0,0
2010,FEMALE ,228,0,0
2010,FEMALE ,229,0,0
2010,FEMALE ,230,0,0
2010,FEMALE ,231,0,0
2010,FEMALE ,232,0,0
2010,FEMALE ,233,0,0
2010,FEMALE ,234,0,0
2010,FEMALE ,235,0,0
2010,FEMALE ,236,0,0
2010,FEMALE ,237,0,0
2010,FEMALE ,238,0,0
2010,FEMALE ,239,0,0
2010,FEMALE ,240,0,0
2010,FEMALE ,241,0,0
2010,FEMALE ,242,0,0
2010,FEMALE ,243,0,0
2010,FEMALE ,244,0,0
2010,FEMALE ,245,0,0
2010,FEMALE ,246,0,0
2010,FEMALE ,247,0,0
2010,FEMALE ,248,0,0
2010,FEMALE ,249,0,0
2010,FEMALE ,250,0,0
2017,FEMALE ,0,0,0
2017,FEMALE ,1,0,0
2017,FEMALE ,2,0,0
2017,FEMALE ,3,0,0
2017,FEMALE ,4,0,0
2017,FEMALE ,5,0,0
2017,FEMALE ,6,1376576,0
2017,FEMALE ,7,1365998,0
2017,FEMALE ,8,30850,0
2017,FEMALE ,9,61701,0
2017,FEMALE ,10,0,0
2017,FEMALE ,11,61701,0
2017,FEMALE ,12,0,0
2017,FEMALE ,13,33114,0
2017,FEMALE ,14,94815,0
2017,FEMALE ,15,225006,0
2017,FEMALE ,16,924919,0
2017,FEMALE ,17,830074,0
2017,FEMALE ,18,562932,0
2017,FEMALE ,19,626055,0
2017,FEMALE ,20,1452779,0
2017,FEMALE ,21,1738619,0
2017,FEMALE ,22,3551408,0
2017,FEMALE ,23,12223774,0
2017,FEMALE ,24,23783499,0
2017,FEMALE ,25,31190867,0
2017,FEMALE ,26,52034826,0
2017,FEMALE ,27,75303338,0
2017,FEMALE ,28,172183630,0
2017,FEMALE ,29,263517521,0
2017,FEMALE ,30,346677570,102491
2017,FEMALE ,31,338951586,0
2017,FEMALE ,32,426949163,28287
2017,FEMALE ,33,439077307,134775
2017,FEMALE ,34,336688632,30606
2017,FEMALE ,35,275076607,61212
2017,FEMALE ,36,270823279,439595
2017,FEMALE ,37,225473935,1665204
2017,FEMALE ,38,188308990,3794030
2017,FEMALE ,39,160550490,6068005
2017,FEMALE ,40,230322896,7235522
2017,FEMALE ,41,190442987,5689872
2017,FEMALE ,42,185851314,6774821
2017,FEMALE ,43,116908880,7134326
2017,FEMALE ,44,116380340,8771433
2017,FEMALE ,45,74891750,10859819
2017,FEMALE ,46,81431009,10943918
2017,FEMALE ,47,32459740,13316751
2017,FEMALE ,48,21038080,9743298
2017,FEMALE ,49,18248900,10786092
2017,FEMALE ,50,9203144,9288242
2017,FEMALE ,51,9361480,7526216
2017,FEMALE ,52,9086447,8672975
2017,FEMALE ,53,3883644,6413377
2017,FEMALE ,54,3555906,4413629
2017,FEMALE ,55,2976841,5321806
2017,FEMALE ,56,2286084,2752440
2017,FEMALE ,57,2184703,1331981
2017,FEMALE ,58,624056,1137862
2017,FEMALE ,59,27120,383499
2017,FEMALE ,60,520173,240492
2017,FEMALE ,61,0,423938
2017,FEMALE ,62,32822,256564
2017,FEMALE ,63,1078549,234713
2017,FEMALE ,64,32822,182554
2017,FEMALE ,65,0,30151
2017,FEMALE ,66,0,32822
2017,FEMALE ,67,0,0
2017,FEMALE ,68,0,32822
2017,FEMALE ,69,0,0
2017,FEMALE ,70,0,32822
2017,FEMALE ,71,0,0
2017,FEMALE ,72,0,0
2017,FEMALE ,73,0,0
2017,FEMALE ,74,0,0
2017,FEMALE ,75,0,0
2017,FEMALE ,76,0,0
2017,FEMALE ,77,0,0
2017,FEMALE ,78,0,0
2017,FEMALE ,79,0,0
2017,FEMALE ,80,0,0
2017,FEMALE ,81,0,0
2017,FEMALE ,82,0,0
2017,FEMALE ,83,0,0
2017,FEMALE ,84,0,0
2017,FEMALE ,85,0,0
2017,FEMALE ,86,0,0
2017,FEMALE ,87,0,0
2017,FEMALE ,88,0,0
2017,FEMALE ,89,0,0
2017,FEMALE ,90,0,0
2017,FEMALE ,91,0,0
2017,FEMALE ,92,0,0
2017,FEMALE ,93,0,0
2017,FEMALE ,94,0,0
2017,FEMALE ,95,0,0
2017,FEMALE ,96,0,0
2017,FEMALE ,97,0,0
2017,FEMALE ,98,0,0
2017,FEMALE ,99,0,0
2017,FEMALE ,100,0,0
2017,FEMALE ,101,0,0
2017,FEMALE ,102,0,0
2017,FEMALE ,103,0,0
2017,FEMALE ,104,0,0
2017,FEMALE ,105,0,0
2017,FEMALE ,106,0,0
2017,FEMALE ,107,0,0
2017,FEMALE ,108,0,0
2017,FEMALE ,109,0,0
2017,FEMALE ,110,0,0
2017,FEMALE ,111,0,0
2017,FEMALE ,112,0,0
2017,FEMALE ,113,0,0
2017,FEMALE ,114,0,0
2017,FEMALE ,115,0,0
2017,FEMALE ,116,0,0
2017,FEMALE ,117,0,0
2017,FEMALE ,118,0,0
2017,FEMALE ,119,0,0
2017,FEMALE ,120,0,0
2017,FEMALE ,121,0,0
2017,FEMALE ,122,0,0
2017,FEMALE ,123,0,0
2017,FEMALE ,124,0,0
2017,FEMALE ,125,0,0
2017,FEMALE ,126,0,0
2017,FEMALE ,127,0,0
2017,FEMALE ,128,0,0
2017,FEMALE ,129,0,0
2017,FEMALE ,130,0,0
2017,FEMALE ,131,0,0
2017,FEMALE ,132,0,0
2017,FEMALE ,133,0,0
2017,FEMALE ,134,0,0
2017,FEMALE ,135,0,0
2017,FEMALE ,136,0,0
2017,FEMALE ,137,0,0
2017,FEMALE ,138,0,0
2017,FEMALE ,139,0,0
2017,FEMALE ,140,0,0
2017,FEMALE ,141,0,0
2017,FEMALE ,142,0,0
2017,FEMALE ,143,0,0
2017,FEMALE ,144,0,0
2017,FEMALE ,145,0,0
2017,FEMALE ,146,0,0
2017,FEMALE ,147,0,0
2017,FEMALE ,148,0,0
2017,FEMALE ,149,0,0
2017,FEMALE ,150,0,0
2017,FEMALE ,151,0,0
2017,FEMALE ,152,0,0
2017,FEMALE ,153,0,0
2017,FEMALE ,154,0,0
2017,FEMALE ,155,0,0
2017,FEMALE ,156,0,0
2017,FEMALE ,157,0,0
2017,FEMALE ,158,0,0
2017,FEMALE ,159,0,0
2017,FEMALE ,160,0,0
2017,FEMALE ,161,0,0
2017,FEMALE ,162,0,0
2017,FEMALE ,163,0,0
2017,FEMALE ,164,0,0
2017,FEMALE ,165,0,0
2017,FEMALE ,166,0,0
2017,FEMALE ,167,0,0
2017,FEMALE ,168,0,0
2017,FEMALE ,169,0,0
2017,FEMALE ,170,0,0
2017,FEMALE ,171,0,0
2017,FEMALE ,172,0,0
2017,FEMALE ,173,0,0
2017,FEMALE ,174,0,0
2017,FEMALE ,175,0,0
2017,FEMALE ,176,0,0
2017,FEMALE ,177,0,0
2017,FEMALE ,178,0,0
2017,FEMALE ,179,0,0
2017,FEMALE ,180,0,0
2017,FEMALE ,181,0,0
2017,FEMALE ,182,0,0
2017,FEMALE ,183,0,0
2017,FEMALE ,184,0,0
2017,FEMALE ,185,0,0
2017,FEMALE ,186,0,0
2017,FEMALE ,187,0,0
2017,FEMALE ,188,0,0
2017,FEMALE ,189,0,0
2017,FEMALE ,190,0,0
2017,FEMALE ,191,0,0
2017,FEMALE ,192,0,0
2017,FEMALE ,193,0,0
2017,FEMALE ,194,0,0
2017,FEMALE ,195,0,0
2017,FEMALE ,196,0,0
2017,FEMALE ,197,0,0
2017,FEMALE ,198,0,0
2017,FEMALE ,199,0,0
2017,FEMALE ,200,0,0
2017,FEMALE ,201,0,0
2017,FEMALE ,202,0,0
2017,FEMALE ,203,0,0
2017,FEMALE ,204,0,0
2017,FEMALE ,205,0,0
2017,FEMALE ,206,0,0
2017,FEMALE ,207,0,0
2017,FEMALE ,208,0,0
2017,FEMALE ,209,0,0
2017,FEMALE ,210,0,0
2017,FEMALE ,211,0,0
2017,FEMALE ,212,0,0
2017,FEMALE ,213,0,0
2017,FEMALE ,214,0,0
2017,FEMALE ,215,0,0
2017,FEMALE ,216,0,0
2017,FEMALE ,217,0,0
2017,FEMALE ,218,0,0
2017,FEMALE ,219,0,0
2017,FEMALE ,220,0,0
2017,FEMALE ,221,0,0
2017,FEMALE ,222,0,0
2017,FEMALE ,223,0,0
2017,FEMALE ,224,0,0
2017,FEMALE ,225,0,0
2017,FEMALE ,226,0,0
2017,FEMALE ,227,0,0
2017,FEMALE ,228,0,0
2017,FEMALE ,229,0,0
2017,FEMALE ,230,0,0
2017,FEMALE ,231,0,0
2017,FEMALE ,232,0,0
2017,FEMALE ,233,0,0
2017,FEMALE ,234,0,0
2017,FEMALE ,235,0,0
2017,FEMALE ,236,0,0
2017,FEMALE ,237,0,0
2017,FEMALE ,238,0,0
2017,FEMALE ,239,0,0
2017,FEMALE ,240,0,0
2017,FEMALE ,241,0,0
2017,FEMALE ,242,0,0
2017,FEMALE ,243,0,0
2017,FEMALE ,244,0,0
2017,FEMALE ,245,0,0
2017,FEMALE ,246,0,0
2017,FEMALE ,247,0,0
2017,FEMALE ,248,0,0
2017,FEMALE ,249,0,0
2017,FEMALE ,250,0,0
2018,FEMALE ,0,0,0
2018,FEMALE ,1,0,0
2018,FEMALE ,2,0,0
2018,FEMALE ,3,0,0
2018,FEMALE ,4,0,0
2018,FEMALE ,5,0,0
2018,FEMALE ,6,0,0
2018,FEMALE ,7,0,0
2018,FEMALE ,8,0,0
2018,FEMALE ,9,0,0
2018,FEMALE ,10,141434,0
2018,FEMALE ,11,1232430,0
2018,FEMALE ,12,986109,0
2018,FEMALE ,13,378174,0
2018,FEMALE ,14,0,0
2018,FEMALE ,15,0,0
2018,FEMALE ,16,70743,0
2018,FEMALE ,17,446212,0
2018,FEMALE ,18,821044,0
2018,FEMALE ,19,479471,0
2018,FEMALE ,20,682819,0
2018,FEMALE ,21,1556556,0
2018,FEMALE ,22,569680,0
2018,FEMALE ,23,170787,0
2018,FEMALE ,24,2286994,0
2018,FEMALE ,25,1087215,0
2018,FEMALE ,26,1210552,0
2018,FEMALE ,27,12039451,0
2018,FEMALE ,28,13084568,0
2018,FEMALE ,29,5709230,0
2018,FEMALE ,30,13528074,0
2018,FEMALE ,31,30946543,0
2018,FEMALE ,32,35009156,0
2018,FEMALE ,33,49273679,0
2018,FEMALE ,34,44315580,0
2018,FEMALE ,35,39017577,0
2018,FEMALE ,36,70266456,1640854
2018,FEMALE ,37,143334351,1739318
2018,FEMALE ,38,139623620,3261462
2018,FEMALE ,39,207025786,6257654
2018,FEMALE ,40,188360894,9053835
2018,FEMALE ,41,273935116,10350556
2018,FEMALE ,42,265178372,5371890
2018,FEMALE ,43,203311723,8669985
2018,FEMALE ,44,201956146,6777284
2018,FEMALE ,45,96581040,6005909
2018,FEMALE ,46,88860911,2819264
2018,FEMALE ,47,46449352,8904030
2018,FEMALE ,48,23896498,2309790
2018,FEMALE ,49,19187060,4123479
2018,FEMALE ,50,9829383,3790084
2018,FEMALE ,51,7665306,1224388
2018,FEMALE ,52,6918750,3238565
2018,FEMALE ,53,6396388,1891832
2018,FEMALE ,54,7118800,1191868
2018,FEMALE ,55,7799056,193610
2018,FEMALE ,56,6333079,126618
2018,FEMALE ,57,5181610,608379
2018,FEMALE ,58,4605876,766096
2018,FEMALE ,59,2302938,1731882
2018,FEMALE ,60,575734,0
2018,FEMALE ,61,1151469,63309
2018,FEMALE ,62,0,66556
2018,FEMALE ,63,0,0
2018,FEMALE ,64,0,63760
2018,FEMALE ,65,0,0
2018,FEMALE ,66,0,0
2018,FEMALE ,67,0,575734
2018,FEMALE ,68,0,0
2018,FEMALE ,69,0,0
2018,FEMALE ,70,0,0
2018,FEMALE ,71,0,0
2018,FEMALE ,72,0,0
2018,FEMALE ,73,0,0
2018,FEMALE ,74,1556556,0
2018,FEMALE ,75,0,0
2018,FEMALE ,76,0,0
2018,FEMALE ,77,0,0
2018,FEMALE ,78,0,0
2018,FEMALE ,79,0,0
2018,FEMALE ,80,0,0
2018,FEMALE ,81,0,0
2018,FEMALE ,82,0,0
2018,FEMALE ,83,0,0
2018,FEMALE ,84,0,0
2018,FEMALE ,85,0,0
2018,FEMALE ,86,0,0
2018,FEMALE ,87,0,0
2018,FEMALE ,88,0,0
2018,FEMALE ,89,0,0
2018,FEMALE ,90,0,0
2018,FEMALE ,91,0,0
2018,FEMALE ,92,0,0
2018,FEMALE ,93,0,0
2018,FEMALE ,94,0,0
2018,FEMALE ,95,0,0
2018,FEMALE ,96,0,0
2018,FEMALE ,97,0,0
2018,FEMALE ,98,0,0
2018,FEMALE ,99,0,0
2018,FEMALE ,100,0,0
2018,FEMALE ,101,0,0
2018,FEMALE ,102,0,0
2018,FEMALE ,103,0,0
2018,FEMALE ,104,0,0
2018,FEMALE ,105,0,0
2018,FEMALE ,106,0,0
2018,FEMALE ,107,0,0
2018,FEMALE ,108,0,0
2018,FEMALE ,109,0,0
2018,FEMALE ,110,0,0
2018,FEMALE ,111,0,0
2018,FEMALE ,112,0,0
2018,FEMALE ,113,0,0
2018,FEMALE ,114,0,0
2018,FEMALE ,115,0,0
2018,FEMALE ,116,0,0
2018,FEMALE ,117,0,0
2018,FEMALE ,118,0,0
2018,FEMALE ,119,0,0
2018,FEMALE ,120,0,0
2018,FEMALE ,121,0,0
2018,FEMALE ,122,0,0
2018,FEMALE ,123,0,0
2018,FEMALE ,124,0,0
2018,FEMALE ,125,0,0
2018,FEMALE ,126,0,0
2018,FEMALE ,127,0,0
2018,FEMALE ,128,0,0
2018,FEMALE ,129,0,0
2018,FEMALE ,130,0,0
2018,FEMALE ,131,0,0
2018,FEMALE ,132,0,0
2018,FEMALE ,133,0,0
2018,FEMALE ,134,0,0
2018,FEMALE ,135,0,0
2018,FEMALE ,136,0,0
2018,FEMALE ,137,0,0
2018,FEMALE ,138,0,0
2018,FEMALE ,139,0,0
2018,FEMALE ,140,0,0
2018,FEMALE ,141,0,0
2018,FEMALE ,142,0,0
2018,FEMALE ,143,0,0
2018,FEMALE ,144,0,0
2018,FEMALE ,145,0,0
2018,FEMALE ,146,0,0
2018,FEMALE ,147,0,0
2018,FEMALE ,148,0,0
2018,FEMALE ,149,0,0
2018,FEMALE ,150,0,0
2018,FEMALE ,151,0,0
2018,FEMALE ,152,0,0
2018,FEMALE ,153,0,0
2018,FEMALE ,154,0,0
2018,FEMALE ,155,0,0
2018,FEMALE ,156,0,0
2018,FEMALE ,157,0,0
2018,FEMALE ,158,0,0
2018,FEMALE ,159,0,0
2018,FEMALE ,160,0,0
2018,FEMALE ,161,0,0
2018,FEMALE ,162,0,0
2018,FEMALE ,163,0,0
2018,FEMALE ,164,0,0
2018,FEMALE ,165,0,0
2018,FEMALE ,166,0,0
2018,FEMALE ,167,0,0
2018,FEMALE ,168,0,0
2018,FEMALE ,169,0,0
2018,FEMALE ,170,0,0
2018,FEMALE ,171,0,0
2018,FEMALE ,172,0,0
2018,FEMALE ,173,0,0
2018,FEMALE ,174,0,0
2018,FEMALE ,175,0,0
2018,FEMALE ,176,0,0
2018,FEMALE ,177,0,0
2018,FEMALE ,178,0,0
2018,FEMALE ,179,0,0
2018,FEMALE ,180,0,0
2018,FEMALE ,181,0,0
2018,FEMALE ,182,0,0
2018,FEMALE ,183,0,0
2018,FEMALE ,184,0,0
2018,FEMALE ,185,0,0
2018,FEMALE ,186,0,0
2018,FEMALE ,187,0,0
2018,FEMALE ,188,0,0
2018,FEMALE ,189,0,0
2018,FEMALE ,190,0,0
2018,FEMALE ,191,0,0
2018,FEMALE ,192,0,0
2018,FEMALE ,193,0,0
2018,FEMALE ,194,0,0
2018,FEMALE ,195,0,0
2018,FEMALE ,196,0,0
2018,FEMALE ,197,0,0
2018,FEMALE ,198,0,0
2018,FEMALE ,199,0,0
2018,FEMALE ,200,0,0
2018,FEMALE ,201,0,0
2018,FEMALE ,202,0,0
2018,FEMALE ,203,0,0
2018,FEMALE ,204,0,0
2018,FEMALE ,205,0,0
2018,FEMALE ,206,0,0
2018,FEMALE ,207,0,0
2018,FEMALE ,208,0,0
2018,FEMALE ,209,0,0
2018,FEMALE ,210,0,0
2018,FEMALE ,211,0,0
2018,FEMALE ,212,0,0
2018,FEMALE ,213,0,0
2018,FEMALE ,214,0,0
2018,FEMALE ,215,0,0
2018,FEMALE ,216,0,0
2018,FEMALE ,217,0,0
2018,FEMALE ,218,0,0
2018,FEMALE ,219,0,0
2018,FEMALE ,220,0,0
2018,FEMALE ,221,0,0
2018,FEMALE ,222,0,0
2018,FEMALE ,223,0,0
2018,FEMALE ,224,0,0
2018,FEMALE ,225,0,0
2018,FEMALE ,226,0,0
2018,FEMALE ,227,0,0
2018,FEMALE ,228,0,0
2018,FEMALE ,229,0,0
2018,FEMALE ,230,0,0
2018,FEMALE ,231,0,0
2018,FEMALE ,232,0,0
2018,FEMALE ,233,0,0
2018,FEMALE ,234,0,0
2018,FEMALE ,235,0,0
2018,FEMALE ,236,0,0
2018,FEMALE ,237,0,0
2018,FEMALE ,238,0,0
2018,FEMALE ,239,0,0
2018,FEMALE ,240,0,0
2018,FEMALE ,241,0,0
2018,FEMALE ,242,0,0
2018,FEMALE ,243,0,0
2018,FEMALE ,244,0,0
2018,FEMALE ,245,0,0
2018,FEMALE ,246,0,0
2018,FEMALE ,247,0,0
2018,FEMALE ,248,0,0
2018,FEMALE ,249,0,0
2018,FEMALE ,250,0,0
2019,FEMALE ,0,0,0
2019,FEMALE ,1,0,0
2019,FEMALE ,2,0,0
2019,FEMALE ,3,0,0
2019,FEMALE ,4,0,0
2019,FEMALE ,5,0,0
2019,FEMALE ,6,0,0
2019,FEMALE ,7,165161,0
2019,FEMALE ,8,2107101,0
2019,FEMALE ,9,59934,0
2019,FEMALE ,10,19823138,0
2019,FEMALE ,11,49236843,0
2019,FEMALE ,12,23069203,0
2019,FEMALE ,13,4770763,0
2019,FEMALE ,14,2903534,0
2019,FEMALE ,15,9314023,0
2019,FEMALE ,16,12002989,0
2019,FEMALE ,17,8497932,0
2019,FEMALE ,18,4096165,0
2019,FEMALE ,19,787831,0
2019,FEMALE ,20,2348498,0
2019,FEMALE ,21,3341485,0
2019,FEMALE ,22,4759019,0
2019,FEMALE ,23,6064146,0
2019,FEMALE ,24,5095791,0
2019,FEMALE ,25,4922117,0
2019,FEMALE ,26,3718620,0
2019,FEMALE ,27,6563745,0
2019,FEMALE ,28,12697676,0
2019,FEMALE ,29,20373335,0
2019,FEMALE ,30,29883869,0
2019,FEMALE ,31,25529269,0
2019,FEMALE ,32,25569110,0
2019,FEMALE ,33,33059739,27741
2019,FEMALE ,34,21240968,0
2019,FEMALE ,35,16563116,0
2019,FEMALE ,36,17414728,0
2019,FEMALE ,37,16464850,54390
2019,FEMALE ,38,17429513,397498
2019,FEMALE ,39,17253064,233179
2019,FEMALE ,40,23988323,340594
2019,FEMALE ,41,20359659,620525
2019,FEMALE ,42,29822934,1622626
2019,FEMALE ,43,27480524,3060075
2019,FEMALE ,44,22420469,2776480
2019,FEMALE ,45,29127936,6420813
2019,FEMALE ,46,30510553,9163771
2019,FEMALE ,47,31860496,13703301
2019,FEMALE ,48,35845393,22236947
2019,FEMALE ,49,35976573,16636062
2019,FEMALE ,50,35810813,21311846
2019,FEMALE ,51,36772590,20475773
2019,FEMALE ,52,32050008,13961447
2019,FEMALE ,53,17295013,9402998
2019,FEMALE ,54,10711941,15313829
2019,FEMALE ,55,9379491,4800295
2019,FEMALE ,56,6368966,6472572
2019,FEMALE ,57,4287290,1347943
2019,FEMALE ,58,3170236,2040265
2019,FEMALE ,59,2680575,1242885
2019,FEMALE ,60,662844,905447
2019,FEMALE ,61,807409,516005
2019,FEMALE ,62,148422,427881
2019,FEMALE ,63,0,727047
2019,FEMALE ,64,41660,575984
2019,FEMALE ,65,0,638278
2019,FEMALE ,66,0,255248
2019,FEMALE ,67,0,184252
2019,FEMALE ,68,0,0
2019,FEMALE ,69,0,101402
2019,FEMALE ,70,0,0
2019,FEMALE ,71,0,0
2019,FEMALE ,72,0,0
2019,FEMALE ,73,0,0
2019,FEMALE ,74,0,0
2019,FEMALE ,75,0,0
2019,FEMALE ,76,0,0
2019,FEMALE ,77,0,0
2019,FEMALE ,78,0,0
2019,FEMALE ,79,0,0
2019,FEMALE ,80,0,0
2019,FEMALE ,81,0,0
2019,FEMALE ,82,0,0
2019,FEMALE ,83,0,0
2019,FEMALE ,84,0,0
2019,FEMALE ,85,0,0
2019,FEMALE ,86,0,0
2019,FEMALE ,87,0,0
2019,FEMALE ,88,0,0
2019,FEMALE ,89,0,0
2019,FEMALE ,90,0,0
2019,FEMALE ,91,0,0
2019,FEMALE ,92,0,0
2019,FEMALE ,93,0,0
2019,FEMALE ,94,0,0
2019,FEMALE ,95,0,0
2019,FEMALE ,96,0,0
2019,FEMALE ,97,0,0
2019,FEMALE ,98,0,0
2019,FEMALE ,99,0,0
2019,FEMALE ,100,0,0
2019,FEMALE ,101,0,0
2019,FEMALE ,102,0,0
2019,FEMALE ,103,0,0
2019,FEMALE ,104,0,0
2019,FEMALE ,105,0,0
2019,FEMALE ,106,0,0
2019,FEMALE ,107,0,0
2019,FEMALE ,108,0,0
2019,FEMALE ,109,0,0
2019,FEMALE ,110,0,0
2019,FEMALE ,111,0,0
2019,FEMALE ,112,0,0
2019,FEMALE ,113,0,0
2019,FEMALE ,114,0,0
2019,FEMALE ,115,0,0
2019,FEMALE ,116,0,0
2019,FEMALE ,117,0,0
2019,FEMALE ,118,0,0
2019,FEMALE ,119,0,0
2019,FEMALE ,120,0,0
2019,FEMALE ,121,0,0
2019,FEMALE ,122,0,0
2019,FEMALE ,123,0,0
2019,FEMALE ,124,0,0
2019,FEMALE ,125,0,0
2019,FEMALE ,126,0,0
2019,FEMALE ,127,0,0
2019,FEMALE ,128,0,0
2019,FEMALE ,129,0,0
2019,FEMALE ,130,0,0
2019,FEMALE ,131,0,0
2019,FEMALE ,132,0,0
2019,FEMALE ,133,0,0
2019,FEMALE ,134,0,0
2019,FEMALE ,135,0,0
2019,FEMALE ,136,0,0
2019,FEMALE ,137,0,0
2019,FEMALE ,138,0,0
2019,FEMALE ,139,0,0
2019,FEMALE ,140,0,0
2019,FEMALE ,141,0,0
2019,FEMALE ,142,0,0
2019,FEMALE ,143,0,0
2019,FEMALE ,144,0,0
2019,FEMALE ,145,0,0
2019,FEMALE ,146,0,0
2019,FEMALE ,147,0,0
2019,FEMALE ,148,0,0
2019,FEMALE ,149,0,0
2019,FEMALE ,150,0,0
2019,FEMALE ,151,0,0
2019,FEMALE ,152,0,0
2019,FEMALE ,153,0,0
2019,FEMALE ,154,0,0
2019,FEMALE ,155,0,0
2019,FEMALE ,156,0,0
2019,FEMALE ,157,0,0
2019,FEMALE ,158,0,0
2019,FEMALE ,159,0,0
2019,FEMALE ,160,0,0
2019,FEMALE ,161,0,0
2019,FEMALE ,162,0,0
2019,FEMALE ,163,0,0
2019,FEMALE ,164,0,0
2019,FEMALE ,165,0,0
2019,FEMALE ,166,0,0
2019,FEMALE ,167,0,0
2019,FEMALE ,168,0,0
2019,FEMALE ,169,0,0
2019,FEMALE ,170,0,0
2019,FEMALE ,171,0,0
2019,FEMALE ,172,0,0
2019,FEMALE ,173,0,0
2019,FEMALE ,174,0,0
2019,FEMALE ,175,0,0
2019,FEMALE ,176,0,0
2019,FEMALE ,177,0,0
2019,FEMALE ,178,0,0
2019,FEMALE ,179,0,0
2019,FEMALE ,180,0,0
2019,FEMALE ,181,0,0
2019,FEMALE ,182,0,0
2019,FEMALE ,183,0,0
2019,FEMALE ,184,0,0
2019,FEMALE ,185,0,0
2019,FEMALE ,186,0,0
2019,FEMALE ,187,0,0
2019,FEMALE ,188,0,0
2019,FEMALE ,189,0,0
2019,FEMALE ,190,0,0
2019,FEMALE ,191,0,0
2019,FEMALE ,192,0,0
2019,FEMALE ,193,0,0
2019,FEMALE ,194,0,0
2019,FEMALE ,195,0,0
2019,FEMALE ,196,0,0
2019,FEMALE ,197,0,0
2019,FEMALE ,198,0,0
2019,FEMALE ,199,0,0
2019,FEMALE ,200,0,0
2019,FEMALE ,201,0,0
2019,FEMALE ,202,0,0
2019,FEMALE ,203,0,0
2019,FEMALE ,204,0,0
2019,FEMALE ,205,0,0
2019,FEMALE ,206,0,0
2019,FEMALE ,207,0,0
2019,FEMALE ,208,0,0
2019,FEMALE ,209,0,0
2019,FEMALE ,210,0,0
2019,FEMALE ,211,0,0
2019,FEMALE ,212,0,0
2019,FEMALE ,213,0,0
2019,FEMALE ,214,0,0
2019,FEMALE ,215,0,0
2019,FEMALE ,216,0,0
2019,FEMALE ,217,0,0
2019,FEMALE ,218,0,0
2019,FEMALE ,219,0,0
2019,FEMALE ,220,0,0
2019,FEMALE ,221,0,0
2019,FEMALE ,222,0,0
2019,FEMALE ,223,0,0
2019,FEMALE ,224,0,0
2019,FEMALE ,225,0,0
2019,FEMALE ,226,0,0
2019,FEMALE ,227,0,0
2019,FEMALE ,228,0,0
2019,FEMALE ,229,0,0
2019,FEMALE ,230,0,0
2019,FEMALE ,231,0,0
2019,FEMALE ,232,0,0
2019,FEMALE ,233,0,0
2019,FEMALE ,234,0,0
2019,FEMALE ,235,0,0
2019,FEMALE ,236,0,0
2019,FEMALE ,237,0,0
2019,FEMALE ,238,0,0
2019,FEMALE ,239,0,0
2019,FEMALE ,240,0,0
2019,FEMALE ,241,0,0
2019,FEMALE ,242,0,0
2019,FEMALE ,243,0,0
2019,FEMALE ,244,0,0
2019,FEMALE ,245,0,0
2019,FEMALE ,246,0,0
2019,FEMALE ,247,0,0
2019,FEMALE ,248,0,0
2019,FEMALE ,249,0,0
2019,FEMALE ,250,0,0
2010,MALE,0,0,0
2010,MALE,1,0,0
2010,MALE,2,0,0
2010,MALE,3,0,0
2010,MALE,4,0,0
2010,MALE,5,0,0
2010,MALE,6,0,0
2010,MALE,7,0,0
2010,MALE,8,0,0
2010,MALE,9,0,0
2010,MALE,10,0,0
2010,MALE,11,0,0
2010,MALE,12,0,0
2010,MALE,13,0,0
2010,MALE,14,0,0
2010,MALE,15,298486.7535,0
2010,MALE,16,1051480.114,0
2010,MALE,17,254237.5881,0
2010,MALE,18,3208080.106,0
2010,MALE,19,11668412.88,0
2010,MALE,20,8188313.273,0
2010,MALE,21,27070695.55,0
2010,MALE,22,97983255.32,0
2010,MALE,23,99349994.92,0
2010,MALE,24,144163459.9,0
2010,MALE,25,116149678.2,0
2010,MALE,26,127570000.9,0
2010,MALE,27,137355749.3,0
2010,MALE,28,100827878.7,0
2010,MALE,29,118022465.6,0
2010,MALE,30,150179572.5,0
2010,MALE,31,145531122.5,404284.7475
2010,MALE,32,232805012.9,783292.3927
2010,MALE,33,232532105.5,947577.2128
2010,MALE,34,240882023.7,1188874.956
2010,MALE,35,236257059.9,1412266.592
2010,MALE,36,298682946.2,2162431.806
2010,MALE,37,384484906.2,3371408.617
2010,MALE,38,317645544.3,3373455.364
2010,MALE,39,315905762.1,4063402.572
2010,MALE,40,293374113,4570399.845
2010,MALE,41,275560437,5199353.848
2010,MALE,42,345301855.9,7890990.596
2010,MALE,43,235108548.5,6507304.609
2010,MALE,44,259800072.9,8709076.155
2010,MALE,45,242202669.3,9833584.363
2010,MALE,46,226414251.2,11133630.02
2010,MALE,47,238403001.9,14198577.91
2010,MALE,48,154229222.3,11124996.97
2010,MALE,49,115616484.7,10100737.77
2010,MALE,50,122352415.5,12946309.54
2010,MALE,51,106684250.7,13672056.79
2010,MALE,52,107894924.4,16746909.01
2010,MALE,53,42626909.4,8013414.26
2010,MALE,54,46013310.1,10476526.8
2010,MALE,55,29076260.2,8018119.077
2010,MALE,56,40791146.12,13623853.54
2010,MALE,57,42188071.78,17065689.43
2010,MALE,58,20804979.11,10192988.84
2010,MALE,59,19628848.59,11647405.43
2010,MALE,60,14837654.65,10663498.93
2010,MALE,61,14162581.57,12327556.41
2010,MALE,62,5478096.821,5775164.795
2010,MALE,63,3146924.927,4018103.907
2010,MALE,64,2706667.533,4185716.378
2010,MALE,65,3121818.012,5847127.571
2010,MALE,66,806487.1339,1829500.505
2010,MALE,67,817270.5356,2245437.832
2010,MALE,68,756209.0068,2516385.318
2010,MALE,69,262789.0014,1059113.697
2010,MALE,70,162168.0609,791590.9621
2010,MALE,71,0,0
2010,MALE,72,0,0
2010,MALE,73,3163.149001,27431.87309
2010,MALE,74,0,0
2010,MALE,75,0,0
2010,MALE,76,0,0
2010,MALE,77,0,0
2010,MALE,78,0,0
2010,MALE,79,0,0
2010,MALE,80,0,0
2010,MALE,81,0,0
2010,MALE,82,0,0
2010,MALE,83,0,0
2010,MALE,84,0,0
2010,MALE,85,359.981175,31104.04286
2010,MALE,86,0,0
2010,MALE,87,0,0
2010,MALE,88,0,0
2010,MALE,89,0,0
2010,MALE,90,0,0
2010,MALE,91,0,0
2010,MALE,92,0,0
2010,MALE,93,0,0
2010,MALE,94,0,0
2010,MALE,95,0,0
2010,MALE,96,0,0
2010,MALE,97,0,0
2010,MALE,98,0,0
2010,MALE,99,0,0
2010,MALE,100,0,0
2010,MALE,101,0,0
2010,MALE,102,0,0
2010,MALE,103,0,0
2010,MALE,104,0,0
2010,MALE,105,0,0
2010,MALE,106,0,0
2010,MALE,107,0,0
2010,MALE,108,0,0
2010,MALE,109,0,0
2010,MALE,110,0,0
2010,MALE,111,0,0
2010,MALE,112,0,0
2010,MALE,113,0,0
2010,MALE,114,0,0
2010,MALE,115,0,0
2010,MALE,116,0,0
2010,MALE,117,0,0
2010,MALE,118,0,0
2010,MALE,119,0,0
2010,MALE,120,0,0
2010,MALE,121,0,0
2010,MALE,122,0,0
2010,MALE,123,0,0
2010,MALE,124,0,0
2010,MALE,125,0,0
2010,MALE,126,0,0
2010,MALE,127,0,0
2010,MALE,128,0,0
2010,MALE,129,0,0
2010,MALE,130,0,0
2010,MALE,131,0,0
2010,MALE,132,0,0
2010,MALE,133,0,0
2010,MALE,134,0,0
2010,MALE,135,0,0
2010,MALE,136,0,0
2010,MALE,137,0,0
2010,MALE,138,0,0
2010,MALE,139,0,0
2010,MALE,140,0,0
2010,MALE,141,0,0
2010,MALE,142,0,0
2010,MALE,143,0,0
2010,MALE,144,0,0
2010,MALE,145,0,0
2010,MALE,146,0,0
2010,MALE,147,0,0
2010,MALE,148,0,0
2010,MALE,149,0,0
2010,MALE,150,0,0
2010,MALE,151,0,0
2010,MALE,152,0,0
2010,MALE,153,0,0
2010,MALE,154,0,0
2010,MALE,155,0,0
2010,MALE,156,0,0
2010,MALE,157,0,0
2010,MALE,158,0,0
2010,MALE,159,0,0
2010,MALE,160,0,0
2010,MALE,161,0,0
2010,MALE,162,0,0
2010,MALE,163,0,0
2010,MALE,164,0,0
2010,MALE,165,0,0
2010,MALE,166,0,0
2010,MALE,167,0,0
2010,MALE,168,0,0
2010,MALE,169,0,0
2010,MALE,170,0,0
2010,MALE,171,0,0
2010,MALE,172,0,0
2010,MALE,173,0,0
2010,MALE,174,0,0
2010,MALE,175,0,0
2010,MALE,176,0,0
2010,MALE,177,0,0
2010,MALE,178,0,0
2010,MALE,179,0,0
2010,MALE,180,0,0
2010,MALE,181,0,0
2010,MALE,182,0,0
2010,MALE,183,0,0
2010,MALE,184,0,0
2010,MALE,185,0,0
2010,MALE,186,0,0
2010,MALE,187,0,0
2010,MALE,188,0,0
2010,MALE,189,0,0
2010,MALE,190,0,0
2010,MALE,191,0,0
2010,MALE,192,0,0
2010,MALE,193,0,0
2010,MALE,194,0,0
2010,MALE,195,0,0
2010,MALE,196,0,0
2010,MALE,197,0,0
2010,MALE,198,0,0
2010,MALE,199,0,0
2010,MALE,200,0,0
2010,MALE,201,0,0
2010,MALE,202,0,0
2010,MALE,203,0,0
2010,MALE,204,0,0
2010,MALE,205,0,0
2010,MALE,206,0,0
2010,MALE,207,0,0
2010,MALE,208,0,0
2010,MALE,209,0,0
2010,MALE,210,0,0
2010,MALE,211,0,0
2010,MALE,212,0,0
2010,MALE,213,0,0
2010,MALE,214,0,0
2010,MALE,215,0,0
2010,MALE,216,0,0
2010,MALE,217,0,0
2010,MALE,218,0,0
2010,MALE,219,0,0
2010,MALE,220,0,0
2010,MALE,221,0,0
2010,MALE,222,0,0
2010,MALE,223,0,0
2010,MALE,224,0,0
2010,MALE,225,0,0
2010,MALE,226,0,0
2010,MALE,227,0,0
2010,MALE,228,0,0
2010,MALE,229,0,0
2010,MALE,230,0,0
2010,MALE,231,0,0
2010,MALE,232,0,0
2010,MALE,233,0,0
2010,MALE,234,0,0
2010,MALE,235,0,0
2010,MALE,236,0,0
2010,MALE,237,0,0
2010,MALE,238,0,0
2010,MALE,239,0,0
2010,MALE,240,0,0
2010,MALE,241,0,0
2010,MALE,242,0,0
2010,MALE,243,0,0
2010,MALE,244,0,0
2010,MALE,245,0,0
2010,MALE,246,0,0
2010,MALE,247,0,0
2010,MALE,248,0,0
2010,MALE,249,0,0
2010,MALE,250,0,0
2017,MALE,0,0,0
2017,MALE,1,0,0
2017,MALE,2,0,0
2017,MALE,3,0,0
2017,MALE,4,0,0
2017,MALE,5,0,0
2017,MALE,6,1104392.274,0
2017,MALE,7,29995.27056,0
2017,MALE,8,0,0
2017,MALE,9,30850.43118,0
2017,MALE,10,30850.43118,0
2017,MALE,11,331075.6337,0
2017,MALE,12,109400.3837,0
2017,MALE,13,0,0
2017,MALE,14,99340.98216,0
2017,MALE,15,258671.5608,0
2017,MALE,16,792049.9802,0
2017,MALE,17,625007.3292,0
2017,MALE,18,483909.741,0
2017,MALE,19,2069112.219,0
2017,MALE,20,5079146.461,0
2017,MALE,21,11789956.44,0
2017,MALE,22,9149913.234,0
2017,MALE,23,21393932.74,0
2017,MALE,24,55299905.2,0
2017,MALE,25,90942633.3,0
2017,MALE,26,132860874.7,0
2017,MALE,27,217098447.7,0
2017,MALE,28,310069961.1,0
2017,MALE,29,435148909,0
2017,MALE,30,482999896.7,0
2017,MALE,31,493763247.5,1879357.64
2017,MALE,32,554998548,2453593.361
2017,MALE,33,554591290,2847763.069
2017,MALE,34,559299981.9,3335766.803
2017,MALE,35,400159464.9,2772069.017
2017,MALE,36,306539037.2,2466475.479
2017,MALE,37,322886004.1,3017590.486
2017,MALE,38,354219466.3,3845064.008
2017,MALE,39,305525497,3852109.969
2017,MALE,40,279401357.7,4091662.442
2017,MALE,41,245163227.2,4170102.051
2017,MALE,42,196252094.9,3877267.127
2017,MALE,43,158575771.4,3638884.931
2017,MALE,44,145732299,3884251.787
2017,MALE,45,134407342.1,4160970.329
2017,MALE,46,109701322,3944605.312
2017,MALE,47,67793859.42,2831405.821
2017,MALE,48,46929579.8,2276556.828
2017,MALE,49,58588304.09,3301131.504
2017,MALE,50,50649188.26,3314701.737
2017,MALE,51,26339570.14,2002168.93
2017,MALE,52,25957785.16,2291815.943
2017,MALE,53,26109619.43,2677519.93
2017,MALE,54,16737033.4,1993566.474
2017,MALE,55,19616526.54,2713903.599
2017,MALE,56,6394559.476,1027550.1
2017,MALE,57,4530353.02,845560.1126
2017,MALE,58,7036240.738,1525362.976
2017,MALE,59,7817844.261,1968518.922
2017,MALE,60,3292648.683,962981.7179
2017,MALE,61,2715372.728,922406.1014
2017,MALE,62,2411768.09,951586.6225
2017,MALE,63,1478663.662,677645.0207
2017,MALE,64,1383679.73,736526.7056
2017,MALE,65,552588.3873,341644.7422
2017,MALE,66,805465.4359,578415.5559
2017,MALE,67,457172.4707,381323.1698
2017,MALE,68,194893.1859,188812.1105
2017,MALE,69,69228.78978,77900.45592
2017,MALE,70,339916.7015,444268.8173
2017,MALE,71,23526.03235,35714.29536
2017,MALE,72,22193.6619,39132.93575
2017,MALE,73,124546.5742,255073.4864
2017,MALE,74,8795.659595,20922.90646
2017,MALE,75,7020.74947,19398.00845
2017,MALE,76,14765.65159,47385.59661
2017,MALE,77,0,0
2017,MALE,78,5376.196131,23276.03366
2017,MALE,79,4382.180003,22036.57791
2017,MALE,80,4166.900668,24338.12719
2017,MALE,81,7648.532847,51888.63103
2017,MALE,82,0,0
2017,MALE,83,0,0
2017,MALE,84,2331.77034,24787.91823
2017,MALE,85,0,0
2017,MALE,86,0,0
2017,MALE,87,0,0
2017,MALE,88,0,0
2017,MALE,89,0,0
2017,MALE,90,0,0
2017,MALE,91,0,0
2017,MALE,92,0,0
2017,MALE,93,0,0
2017,MALE,94,0,0
2017,MALE,95,0,0
2017,MALE,96,0,0
2017,MALE,97,0,0
2017,MALE,98,0,0
2017,MALE,99,0,0
2017,MALE,100,0,0
2017,MALE,101,0,0
2017,MALE,102,0,0
2017,MALE,103,0,0
2017,MALE,104,148.4180177,31509.55496
2017,MALE,105,0,0
2017,MALE,106,0,0
2017,MALE,107,0,0
2017,MALE,108,0,0
2017,MALE,109,0,0
2017,MALE,110,0,0
2017,MALE,111,0,0
2017,MALE,112,0,0
2017,MALE,113,0,0
2017,MALE,114,0,0
2017,MALE,115,0,0
2017,MALE,116,0,0
2017,MALE,117,0,0
2017,MALE,118,0,0
2017,MALE,119,0,0
2017,MALE,120,0,0
2017,MALE,121,0,0
2017,MALE,122,0,0
2017,MALE,123,0,0
2017,MALE,124,6.756145648,28645.47364
2017,MALE,125,0,0
2017,MALE,126,0,0
2017,MALE,127,0,0
2017,MALE,128,0,0
2017,MALE,129,0,0
2017,MALE,130,0,0
2017,MALE,131,0,0
2017,MALE,132,0,0
2017,MALE,133,0,0
2017,MALE,134,0,0
2017,MALE,135,0,0
2017,MALE,136,0,0
2017,MALE,137,0,0
2017,MALE,138,0,0
2017,MALE,139,0,0
2017,MALE,140,0,0
2017,MALE,141,0,0
2017,MALE,142,0,0
2017,MALE,143,0,0
2017,MALE,144,0,0
2017,MALE,145,0,0
2017,MALE,146,0,0
2017,MALE,147,0,0
2017,MALE,148,0,0
2017,MALE,149,0,0
2017,MALE,150,0,0
2017,MALE,151,0,0
2017,MALE,152,0,0
2017,MALE,153,0,0
2017,MALE,154,0,0
2017,MALE,155,0,0
2017,MALE,156,0,0
2017,MALE,157,0,0
2017,MALE,158,0,0
2017,MALE,159,0,0
2017,MALE,160,0,0
2017,MALE,161,0,0
2017,MALE,162,0,0
2017,MALE,163,0,0
2017,MALE,164,0,0
2017,MALE,165,0,0
2017,MALE,166,0,0
2017,MALE,167,0,0
2017,MALE,168,0,0
2017,MALE,169,0,0
2017,MALE,170,0,0
2017,MALE,171,0,0
2017,MALE,172,0,0
2017,MALE,173,0,0
2017,MALE,174,0,0
2017,MALE,175,0,0
2017,MALE,176,0,0
2017,MALE,177,0,0
2017,MALE,178,0,0
2017,MALE,179,0,0
2017,MALE,180,0,0
2017,MALE,181,0,0
2017,MALE,182,0,0
2017,MALE,183,0,0
2017,MALE,184,0,0
2017,MALE,185,0,0
2017,MALE,186,0,0
2017,MALE,187,0,0
2017,MALE,188,0,0
2017,MALE,189,0,0
2017,MALE,190,0,0
2017,MALE,191,0,0
2017,MALE,192,0,0
2017,MALE,193,0,0
2017,MALE,194,0,0
2017,MALE,195,0,0
2017,MALE,196,0,0
2017,MALE,197,0,0
2017,MALE,198,0,0
2017,MALE,199,0,0
2017,MALE,200,0,0
2017,MALE,201,0,0
2017,MALE,202,0,0
2017,MALE,203,0,0
2017,MALE,204,0,0
2017,MALE,205,0,0
2017,MALE,206,0,0
2017,MALE,207,0,0
2017,MALE,208,0,0
2017,MALE,209,0,0
2017,MALE,210,0,0
2017,MALE,211,0,0
2017,MALE,212,0,0
2017,MALE,213,0,0
2017,MALE,214,0,0
2017,MALE,215,0,0
2017,MALE,216,0,0
2017,MALE,217,0,0
2017,MALE,218,0,0
2017,MALE,219,0,0
2017,MALE,220,0,0
2017,MALE,221,0,0
2017,MALE,222,0,0
2017,MALE,223,0,0
2017,MALE,224,0,0
2017,MALE,225,0,0
2017,MALE,226,0,0
2017,MALE,227,0,0
2017,MALE,228,0,0
2017,MALE,229,0,0
2017,MALE,230,0,0
2017,MALE,231,0,0
2017,MALE,232,0,0
2017,MALE,233,0,0
2017,MALE,234,0,0
2017,MALE,235,0,0
2017,MALE,236,0,0
2017,MALE,237,0,0
2017,MALE,238,0,0
2017,MALE,239,0,0
2017,MALE,240,0,0
2017,MALE,241,0,0
2017,MALE,242,0,0
2017,MALE,243,0,0
2017,MALE,244,0,0
2017,MALE,245,0,0
2017,MALE,246,0,0
2017,MALE,247,0,0
2017,MALE,248,0,0
2017,MALE,249,0,0
2017,MALE,250,0,0
2018,MALE,0,0,0
2018,MALE,1,0,0
2018,MALE,2,0,0
2018,MALE,3,0,0
2018,MALE,4,0,0
2018,MALE,5,0,0
2018,MALE,6,0,0
2018,MALE,7,0,0
2018,MALE,8,0,0
2018,MALE,9,0,0
2018,MALE,10,523881.882,0
2018,MALE,11,359420.9473,0
2018,MALE,12,149945.0912,0
2018,MALE,13,74972.54562,0
2018,MALE,14,0,0
2018,MALE,15,0,0
2018,MALE,16,0,0
2018,MALE,17,68121.19521,0
2018,MALE,18,815994.7767,0
2018,MALE,19,512801.4786,0
2018,MALE,20,143093.7408,0
2018,MALE,21,68121.19521,0
2018,MALE,22,994650.1891,0
2018,MALE,23,2133932.716,0
2018,MALE,24,2599012.78,0
2018,MALE,25,13082388.71,0
2018,MALE,26,16518713.23,0
2018,MALE,27,7001559.085,0
2018,MALE,28,20598265.84,0
2018,MALE,29,23527481.25,0
2018,MALE,30,45272798.66,0
2018,MALE,31,30934713.64,1972337.405
2018,MALE,32,82125913.6,5639805.405
2018,MALE,33,64259789.23,4753045.775
2018,MALE,34,155086489.2,12355361.57
2018,MALE,35,214805456.8,18432133.14
2018,MALE,36,234250223.8,21650059.7
2018,MALE,37,401482521.5,39966353.13
2018,MALE,38,348330828.8,37348106.29
2018,MALE,39,350504979.2,40478057.16
2018,MALE,40,258172404.1,32113236.74
2018,MALE,41,256890594.6,34416861.22
2018,MALE,42,299028510.3,43150362.49
2018,MALE,43,223018858.9,34662687.77
2018,MALE,44,184659099.3,30912928.77
2018,MALE,45,136549726.9,24621191.77
2018,MALE,46,79152119.17,15371971.7
2018,MALE,47,64879898.79,13571441.77
2018,MALE,48,48924260.3,11022722.82
2018,MALE,49,29516586.73,7162745.95
2018,MALE,50,29682657.37,7758271.732
2018,MALE,51,34480921.52,9707108.105
2018,MALE,52,25851210.88,7838639.419
2018,MALE,53,24019685.68,7844692.259
2018,MALE,54,12596450.41,4431038.947
2018,MALE,55,13062398.19,4949132.706
2018,MALE,56,13385665.95,5462544.118
2018,MALE,57,4637327.262,2038316.008
2018,MALE,58,10798860.31,5112466.646
2018,MALE,59,10066135.49,5132915.684
2018,MALE,60,6035519.417,3314857.051
2018,MALE,61,3371740.685,1994587.597
2018,MALE,62,4352335.497,2773129.225
2018,MALE,63,5480641.38,3761212.947
2018,MALE,64,3599119.557,2660367.324
2018,MALE,65,3827882.635,3047563.334
2018,MALE,66,2183530.051,1872414.924
2018,MALE,67,2589161.451,2391392.416
2018,MALE,68,2336316.875,2324193.357
2018,MALE,69,738872.3184,791696.4555
2018,MALE,70,808484.2841,933060.235
2018,MALE,71,1079369.147,1341704.553
2018,MALE,72,544801.2849,729413.5239
2018,MALE,73,1395402.848,2012259.97
2018,MALE,74,306592.4219,476205.8139
2018,MALE,75,384207.7303,642759.006
2018,MALE,76,256625.2277,462413.1905
2018,MALE,77,104604.2095,203015.325
2018,MALE,78,116334.3697,243184.8394
2018,MALE,79,165853.9928,373424.8208
2018,MALE,80,320300.1999,776753.5634
2018,MALE,81,134932.942,352446.197
2018,MALE,82,47139.5609,132620.0436
2018,MALE,83,0,0
2018,MALE,84,168638.621,550399.7971
2018,MALE,85,79621.35318,279897.8559
2018,MALE,86,37556.85256,142202.752
2018,MALE,87,18504.18486,75463.60791
2018,MALE,88,0,0
2018,MALE,89,31365.45449,148394.15
2018,MALE,90,29488.99988,150270.6047
2018,MALE,91,0,0
2018,MALE,92,26008.05741,153751.5471
2018,MALE,93,24399.4128,155360.1917
2018,MALE,94,0,0
2018,MALE,95,0,0
2018,MALE,96,0,0
2018,MALE,97,0,0
2018,MALE,98,0,0
2018,MALE,99,0,0
2018,MALE,100,0,0
2018,MALE,101,14342.64665,165416.9579
2018,MALE,102,0,0
2018,MALE,103,0,0
2018,MALE,104,0,0
2018,MALE,105,0,0
2018,MALE,106,0,0
2018,MALE,107,0,0
2018,MALE,108,0,0
2018,MALE,109,0,0
2018,MALE,110,0,0
2018,MALE,111,0,0
2018,MALE,112,0,0
2018,MALE,113,0,0
2018,MALE,114,0,0
2018,MALE,115,0,0
2018,MALE,116,0,0
2018,MALE,117,0,0
2018,MALE,118,0,0
2018,MALE,119,0,0
2018,MALE,120,0,0
2018,MALE,121,0,0
2018,MALE,122,0,0
2018,MALE,123,0,0
2018,MALE,124,0,0
2018,MALE,125,0,0
2018,MALE,126,0,0
2018,MALE,127,0,0
2018,MALE,128,0,0
2018,MALE,129,0,0
2018,MALE,130,0,0
2018,MALE,131,0,0
2018,MALE,132,0,0
2018,MALE,133,0,0
2018,MALE,134,0,0
2018,MALE,135,0,0
2018,MALE,136,0,0
2018,MALE,137,0,0
2018,MALE,138,0,0
2018,MALE,139,0,0
2018,MALE,140,0,0
2018,MALE,141,0,0
2018,MALE,142,0,0
2018,MALE,143,0,0
2018,MALE,144,0,0
2018,MALE,145,0,0
2018,MALE,146,0,0
2018,MALE,147,0,0
2018,MALE,148,0,0
2018,MALE,149,0,0
2018,MALE,150,0,0
2018,MALE,151,0,0
2018,MALE,152,0,0
2018,MALE,153,0,0
2018,MALE,154,0,0
2018,MALE,155,0,0
2018,MALE,156,0,0
2018,MALE,157,0,0
2018,MALE,158,0,0
2018,MALE,159,0,0
2018,MALE,160,0,0
2018,MALE,161,0,0
2018,MALE,162,0,0
2018,MALE,163,0,0
2018,MALE,164,0,0
2018,MALE,165,0,0
2018,MALE,166,0,0
2018,MALE,167,0,0
2018,MALE,168,0,0
2018,MALE,169,0,0
2018,MALE,170,0,0
2018,MALE,171,0,0
2018,MALE,172,0,0
2018,MALE,173,0,0
2018,MALE,174,0,0
2018,MALE,175,0,0
2018,MALE,176,0,0
2018,MALE,177,0,0
2018,MALE,178,0,0
2018,MALE,179,0,0
2018,MALE,180,0,0
2018,MALE,181,0,0
2018,MALE,182,0,0
2018,MALE,183,0,0
2018,MALE,184,0,0
2018,MALE,185,0,0
2018,MALE,186,0,0
2018,MALE,187,0,0
2018,MALE,188,0,0
2018,MALE,189,0,0
2018,MALE,190,0,0
2018,MALE,191,0,0
2018,MALE,192,0,0
2018,MALE,193,0,0
2018,MALE,194,0,0
2018,MALE,195,0,0
2018,MALE,196,0,0
2018,MALE,197,0,0
2018,MALE,198,0,0
2018,MALE,199,0,0
2018,MALE,200,0,0
2018,MALE,201,0,0
2018,MALE,202,0,0
2018,MALE,203,0,0
2018,MALE,204,0,0
2018,MALE,205,0,0
2018,MALE,206,0,0
2018,MALE,207,0,0
2018,MALE,208,0,0
2018,MALE,209,0,0
2018,MALE,210,0,0
2018,MALE,211,0,0
2018,MALE,212,0,0
2018,MALE,213,0,0
2018,MALE,214,0,0
2018,MALE,215,0,0
2018,MALE,216,0,0
2018,MALE,217,0,0
2018,MALE,218,0,0
2018,MALE,219,0,0
2018,MALE,220,0,0
2018,MALE,221,0,0
2018,MALE,222,0,0
2018,MALE,223,0,0
2018,MALE,224,0,0
2018,MALE,225,0,0
2018,MALE,226,0,0
2018,MALE,227,0,0
2018,MALE,228,0,0
2018,MALE,229,0,0
2018,MALE,230,0,0
2018,MALE,231,0,0
2018,MALE,232,0,0
2018,MALE,233,0,0
2018,MALE,234,0,0
2018,MALE,235,0,0
2018,MALE,236,0,0
2018,MALE,237,0,0
2018,MALE,238,0,0
2018,MALE,239,0,0
2018,MALE,240,0,0
2018,MALE,241,0,0
2018,MALE,242,0,0
2018,MALE,243,0,0
2018,MALE,244,0,0
2018,MALE,245,0,0
2018,MALE,246,0,0
2018,MALE,247,0,0
2018,MALE,248,0,0
2018,MALE,249,0,0
2018,MALE,250,0,0
2019,MALE,0,0,0
2019,MALE,1,0,0
2019,MALE,2,0,0
2019,MALE,3,0,0
2019,MALE,4,0,0
2019,MALE,5,30652.92771,0
2019,MALE,6,0,0
2019,MALE,7,2239229.932,0
2019,MALE,8,219048.7521,0
2019,MALE,9,62313.2426,0
2019,MALE,10,15478554.78,0
2019,MALE,11,31672865.49,0
2019,MALE,12,32490982.19,0
2019,MALE,13,3115390.935,0
2019,MALE,14,5465341.479,0
2019,MALE,15,19066334.8,0
2019,MALE,16,10438323.37,0
2019,MALE,17,14215912.48,0
2019,MALE,18,2591502.884,0
2019,MALE,19,859218.6176,0
2019,MALE,20,1944982.351,0
2019,MALE,21,4428591.008,0
2019,MALE,22,8178379.732,0
2019,MALE,23,13178296.88,0
2019,MALE,24,9190763.467,0
2019,MALE,25,4422132.823,0
2019,MALE,26,5054794.529,0
2019,MALE,27,10187899.89,0
2019,MALE,28,16065045.9,0
2019,MALE,29,26850188.35,0
2019,MALE,30,34764716.51,0
2019,MALE,31,39772781.01,848769.9893
2019,MALE,32,39867145.76,924746.618
2019,MALE,33,38143643.32,961686.0836
2019,MALE,34,31953901.71,875666.2371
2019,MALE,35,23836778.9,710012.2299
2019,MALE,36,27749425.66,898412.5524
2019,MALE,37,35955447.33,1265289.954
2019,MALE,38,42154291.7,1612392.284
2019,MALE,39,39605382.27,1646594.557
2019,MALE,40,39259960.75,1774131.791
2019,MALE,41,34276662.51,1683596.82
2019,MALE,42,34674553.36,1851202.786
2019,MALE,43,46442813.26,2695039.841
2019,MALE,44,54776251.34,3454956.069
2019,MALE,45,54431868.15,3731702.496
2019,MALE,46,56593498.39,4217196.772
2019,MALE,47,74976254.69,6072739.023
2019,MALE,48,86549012.7,7619501.251
2019,MALE,49,102334425.3,9792413.245
2019,MALE,50,79543668.84,8273269.038
2019,MALE,51,88157303.59,9966286.746
2019,MALE,52,62451339.24,7673975.13
2019,MALE,53,73814578.35,9858806.116
2019,MALE,54,62067217.86,9010481.773
2019,MALE,55,60286025.7,9512746.842
2019,MALE,56,72031488.99,12354217.09
2019,MALE,57,44519312.68,8299364.486
2019,MALE,58,52618116.69,10661915.55
2019,MALE,59,45999971.79,10131203.88
2019,MALE,60,31595172.75,7563586.45
2019,MALE,61,27094391.37,7050014.2
2019,MALE,62,27650998.89,7820327.989
2019,MALE,63,26504454.02,8147728.647
2019,MALE,64,24802760.85,8287456.68
2019,MALE,65,12177130.5,4422519.507
2019,MALE,66,16593205.35,6550261.462
2019,MALE,67,21038317.47,9026988.795
2019,MALE,68,12183774.73,5682210.402
2019,MALE,69,11885730.23,6025108.476
2019,MALE,70,9193042.252,5065260.773
2019,MALE,71,9923819.15,5943262.945
2019,MALE,72,5789278.333,3768548.291
2019,MALE,73,9409840.277,6657872.254
2019,MALE,74,4969276.384,3821641.194
2019,MALE,75,4989033.615,4170390.655
2019,MALE,76,8303295.903,7544220.526
2019,MALE,77,4844317.488,4784097.36
2019,MALE,78,4954905.812,5318710.665
2019,MALE,79,3776213.722,4405863.92
2019,MALE,80,2383914.234,3023212.616
2019,MALE,81,1504694.333,2074101.001
2019,MALE,82,3036857.235,4549980.578
2019,MALE,83,2100818.071,3421189.753
2019,MALE,84,1079370.045,1910568.577
2019,MALE,85,759709.727,1461650.392
2019,MALE,86,611924.3841,1279667.473
2019,MALE,87,581665.0608,1322135.299
2019,MALE,88,551144.626,1361670.57
2019,MALE,89,900470.5395,2418129.381
2019,MALE,90,252396.5892,736710.8365
2019,MALE,91,235180.2134,746135.8506
2019,MALE,92,290524.1515,1001850.502
2019,MALE,93,151284.2702,567045.6254
2019,MALE,94,412661.2129,1681207.936
2019,MALE,95,28719.52467,127177.0011
2019,MALE,96,157619.0486,758653.7085
2019,MALE,97,155026.4972,811043.9125
2019,MALE,98,115492.3308,656742.5154
2019,MALE,99,64117.74919,396299.7564
2019,MALE,100,10912.80639,73313.76756
2019,MALE,101,37120.30008,271059.1785
2019,MALE,102,17298.311,137296.6344
2019,MALE,103,8316.151407,71743.42889
2019,MALE,104,27098.40288,254101.3593
2019,MALE,105,13872.62077,141392.1696
2019,MALE,106,23357.51181,258759.8987
2019,MALE,107,16281.7641,196053.8632
2019,MALE,108,2005.215793,26244.51878
2019,MALE,109,3748.263004,53322.57396
2019,MALE,110,0,0
2019,MALE,111,0,0
2019,MALE,112,0,0
2019,MALE,113,2470.452996,49053.70882
2019,MALE,114,5611.87615,121117.4957
2019,MALE,115,1166.681728,27368.73675
2019,MALE,116,0,0
2019,MALE,117,0,0
2019,MALE,118,0,0
2019,MALE,119,0,0
2019,MALE,120,0,0
2019,MALE,121,0,0
2019,MALE,122,0,0
2019,MALE,123,0,0
2019,MALE,124,0,0
2019,MALE,125,0,0
2019,MALE,126,0,0
2019,MALE,127,0,0
2019,MALE,128,0,0
2019,MALE,129,0,0
2019,MALE,130,0,0
2019,MALE,131,0,0
2019,MALE,132,0,0
2019,MALE,133,0,0
2019,MALE,134,0,0
2019,MALE,135,0,0
2019,MALE,136,0,0
2019,MALE,137,0,0
2019,MALE,138,0,0
2019,MALE,139,0,0
2019,MALE,140,0,0
2019,MALE,141,0,0
2019,MALE,142,0,0
2019,MALE,143,0,0
2019,MALE,144,0,0
2019,MALE,145,0,0
2019,MALE,146,0,0
2019,MALE,147,0,0
2019,MALE,148,0,0
2019,MALE,149,0,0
2019,MALE,150,0,0
2019,MALE,151,0,0
2019,MALE,152,0,0
2019,MALE,153,0,0
2019,MALE,154,0,0
2019,MALE,155,0,0
2019,MALE,156,0,0
2019,MALE,157,0,0
2019,MALE,158,0,0
2019,MALE,159,0,0
2019,MALE,160,0,0
2019,MALE,161,0,0
2019,MALE,162,0,0
2019,MALE,163,0,0
2019,MALE,164,0,0
2019,MALE,165,0,0
2019,MALE,166,0,0
2019,MALE,167,0,0
2019,MALE,168,0,0
2019,MALE,169,0,0
2019,MALE,170,0,0
2019,MALE,171,0,0
2019,MALE,172,0,0
2019,MALE,173,0,0
2019,MALE,174,0,0
2019,MALE,175,0,0
2019,MALE,176,0,0
2019,MALE,177,0,0
2019,MALE,178,0,0
2019,MALE,179,0,0
2019,MALE,180,0,0
2019,MALE,181,0,0
2019,MALE,182,0,0
2019,MALE,183,0,0
2019,MALE,184,0,0
2019,MALE,185,0,0
2019,MALE,186,0,0
2019,MALE,187,0,0
2019,MALE,188,0,0
2019,MALE,189,0,0
2019,MALE,190,0,0
2019,MALE,191,0,0
2019,MALE,192,0,0
2019,MALE,193,0,0
2019,MALE,194,0,0
2019,MALE,195,0,0
2019,MALE,196,0,0
2019,MALE,197,0,0
2019,MALE,198,0,0
2019,MALE,199,0,0
2019,MALE,200,0,0
2019,MALE,201,0,0
2019,MALE,202,0,0
2019,MALE,203,0,0
2019,MALE,204,0,0
2019,MALE,205,0,0
2019,MALE,206,0,0
2019,MALE,207,0,0
2019,MALE,208,0,0
2019,MALE,209,0,0
2019,MALE,210,0,0
2019,MALE,211,0,0
2019,MALE,212,0,0
2019,MALE,213,0,0
2019,MALE,214,0,0
2019,MALE,215,0,0
2019,MALE,216,0,0
2019,MALE,217,0,0
2019,MALE,218,0,0
2019,MALE,219,0,0
2019,MALE,220,0,0
2019,MALE,221,0,0
2019,MALE,222,0,0
2019,MALE,223,0,0
2019,MALE,224,0,0
2019,MALE,225,0,0
2019,MALE,226,0,0
2019,MALE,227,0,0
2019,MALE,228,0,0
2019,MALE,229,0,0
2019,MALE,230,0,0
2019,MALE,231,0,0
2019,MALE,232,0,0
2019,MALE,233,0,0
2019,MALE,234,0,0
2019,MALE,235,0,0
2019,MALE,236,0,0
2019,MALE,237,0,0
2019,MALE,238,0,0
2019,MALE,239,0,0
2019,MALE,240,0,0
2019,MALE,241,0,0
2019,MALE,242,0,0
2019,MALE,243,0,0
2019,MALE,244,0,0
2019,MALE,245,0,0
2019,MALE,246,0,0
2019,MALE,247,0,0
2019,MALE,248,0,0
2019,MALE,249,0,0
2019,MALE,250,0,0
