SURVEY_YEAR,REGION,SIZE1,ABUN_MAT_MALE,ABUN_IMM_MALE,TOTAL_ABUN
2010,NBS,0,0,0,0
2010,NBS,1,0,0,0
2010,NBS,2,0,0,0
2010,NBS,3,0,0,0
2010,NBS,4,0,0,0
2010,NBS,5,0,0,0
2010,NBS,6,0,0,0
2010,NBS,7,0,0,0
2010,NBS,8,0,0,0
2010,NBS,9,0,0,0
2010,NBS,10,0,0,0
2010,NBS,11,0,0,0
2010,NBS,12,0,0,0
2010,NBS,13,0,0,0
2010,NBS,14,0,0,0
2010,NBS,15,0,298486.7535,298486.7535
2010,NBS,16,0,1051480.114,1051480.114
2010,NBS,17,0,254237.5881,254237.5881
2010,NBS,18,0,3208080.106,3208080.106
2010,NBS,19,0,11668412.88,11668412.88
2010,NBS,20,0,8188313.273,8188313.273
2010,NBS,21,0,27070695.55,27070695.55
2010,NBS,22,0,97983255.32,97983255.32
2010,NBS,23,0,99349994.92,99349994.92
2010,NBS,24,0,144163459.9,144163459.9
2010,NBS,25,0,116149678.2,116149678.2
2010,NBS,26,0,127570000.9,127570000.9
2010,NBS,27,0,137355749.3,137355749.3
2010,NBS,28,0,100827878.7,100827878.7
2010,NBS,29,0,118022465.6,118022465.6
2010,NBS,30,0,150179572.5,150179572.5
2010,NBS,31,404284.7475,145531122.5,145935407.2
2010,NBS,32,783292.3927,232805012.9,233588305.3
2010,NBS,33,947577.2128,232532105.5,233479682.7
2010,NBS,34,1188874.956,240882023.7,242070898.7
2010,NBS,35,1412266.592,236257059.9,237669326.5
2010,NBS,36,2162431.806,298682946.2,300845378
2010,NBS,37,3371408.617,384484906.2,387856314.8
2010,NBS,38,3373455.364,317645544.3,321018999.7
2010,NBS,39,4063402.572,315905762.1,319969164.7
2010,NBS,40,4570399.845,293374113,297944512.8
2010,NBS,41,5199353.848,275560437,280759790.8
2010,NBS,42,7890990.596,345301855.9,353192846.5
2010,NBS,43,6507304.609,235108548.5,241615853.1
2010,NBS,44,8709076.155,259800072.9,268509149.1
2010,NBS,45,9833584.363,242202669.3,252036253.7
2010,NBS,46,11133630.02,226414251.2,237547881.2
2010,NBS,47,14198577.91,238403001.9,252601579.8
2010,NBS,48,11124996.97,154229222.3,165354219.3
2010,NBS,49,10100737.77,115616484.7,125717222.5
2010,NBS,50,12946309.54,122352415.5,135298725
2010,NBS,51,13672056.79,106684250.7,120356307.5
2010,NBS,52,16746909.01,107894924.4,124641833.4
2010,NBS,53,8013414.26,42626909.4,50640323.66
2010,NBS,54,10476526.8,46013310.1,56489836.9
2010,NBS,55,8018119.077,29076260.2,37094379.28
2010,NBS,56,13623853.54,40791146.12,54414999.66
2010,NBS,57,17065689.43,42188071.78,59253761.21
2010,NBS,58,10192988.84,20804979.11,30997967.95
2010,NBS,59,11647405.43,19628848.59,31276254.02
2010,NBS,60,10663498.93,14837654.65,25501153.58
2010,NBS,61,12327556.41,14162581.57,26490137.98
2010,NBS,62,5775164.795,5478096.821,11253261.62
2010,NBS,63,4018103.907,3146924.927,7165028.834
2010,NBS,64,4185716.378,2706667.533,6892383.911
2010,NBS,65,5847127.571,3121818.012,8968945.583
2010,NBS,66,1829500.505,806487.1339,2635987.639
2010,NBS,67,2245437.832,817270.5356,3062708.368
2010,NBS,68,2516385.318,756209.0068,3272594.325
2010,NBS,69,1059113.697,262789.0014,1321902.698
2010,NBS,70,791590.9621,162168.0609,953759.023
2010,NBS,71,0,0,0
2010,NBS,72,0,0,0
2010,NBS,73,27431.87309,3163.149001,30595.02209
2010,NBS,74,0,0,0
2010,NBS,75,0,0,0
2010,NBS,76,0,0,0
2010,NBS,77,0,0,0
2010,NBS,78,0,0,0
2010,NBS,79,0,0,0
2010,NBS,80,0,0,0
2010,NBS,81,0,0,0
2010,NBS,82,0,0,0
2010,NBS,83,0,0,0
2010,NBS,84,0,0,0
2010,NBS,85,31104.04286,359.981175,31464.02404
2010,NBS,86,0,0,0
2010,NBS,87,0,0,0
2010,NBS,88,0,0,0
2010,NBS,89,0,0,0
2010,NBS,90,0,0,0
2010,NBS,91,0,0,0
2010,NBS,92,0,0,0
2010,NBS,93,0,0,0
2010,NBS,94,0,0,0
2010,NBS,95,0,0,0
2010,NBS,96,0,0,0
2010,NBS,97,0,0,0
2010,NBS,98,0,0,0
2010,NBS,99,0,0,0
2010,NBS,100,0,0,0
2010,NBS,101,0,0,0
2010,NBS,102,0,0,0
2010,NBS,103,0,0,0
2010,NBS,104,0,0,0
2010,NBS,105,0,0,0
2010,NBS,106,0,0,0
2010,NBS,107,0,0,0
2010,NBS,108,0,0,0
2010,NBS,109,0,0,0
2010,NBS,110,0,0,0
2010,NBS,111,0,0,0
2010,NBS,112,0,0,0
2010,NBS,113,0,0,0
2010,NBS,114,0,0,0
2010,NBS,115,0,0,0
2010,NBS,116,0,0,0
2010,NBS,117,0,0,0
2010,NBS,118,0,0,0
2010,NBS,119,0,0,0
2010,NBS,120,0,0,0
2010,NBS,121,0,0,0
2010,NBS,122,0,0,0
2010,NBS,123,0,0,0
2010,NBS,124,0,0,0
2010,NBS,125,0,0,0
2010,NBS,126,0,0,0
2010,NBS,127,0,0,0
2010,NBS,128,0,0,0
2010,NBS,129,0,0,0
2010,NBS,130,0,0,0
2010,NBS,131,0,0,0
2010,NBS,132,0,0,0
2010,NBS,133,0,0,0
2010,NBS,134,0,0,0
2010,NBS,135,0,0,0
2010,NBS,136,0,0,0
2010,NBS,137,0,0,0
2010,NBS,138,0,0,0
2010,NBS,139,0,0,0
2010,NBS,140,0,0,0
2010,NBS,141,0,0,0
2010,NBS,142,0,0,0
2010,NBS,143,0,0,0
2010,NBS,144,0,0,0
2010,NBS,145,0,0,0
2010,NBS,146,0,0,0
2010,NBS,147,0,0,0
2010,NBS,148,0,0,0
2010,NBS,149,0,0,0
2010,NBS,150,0,0,0
2010,NBS,151,0,0,0
2010,NBS,152,0,0,0
2010,NBS,153,0,0,0
2010,NBS,154,0,0,0
2010,NBS,155,0,0,0
2010,NBS,156,0,0,0
2010,NBS,157,0,0,0
2010,NBS,158,0,0,0
2010,NBS,159,0,0,0
2010,NBS,160,0,0,0
2010,NBS,161,0,0,0
2010,NBS,162,0,0,0
2010,NBS,163,0,0,0
2010,NBS,164,0,0,0
2010,NBS,165,0,0,0
2010,NBS,166,0,0,0
2010,NBS,167,0,0,0
2010,NBS,168,0,0,0
2010,NBS,169,0,0,0
2010,NBS,170,0,0,0
2010,NBS,171,0,0,0
2010,NBS,172,0,0,0
2010,NBS,173,0,0,0
2010,NBS,174,0,0,0
2010,NBS,175,0,0,0
2010,NBS,176,0,0,0
2010,NBS,177,0,0,0
2010,NBS,178,0,0,0
2010,NBS,179,0,0,0
2010,NBS,180,0,0,0
2010,NBS,181,0,0,0
2010,NBS,182,0,0,0
2010,NBS,183,0,0,0
2010,NBS,184,0,0,0
2010,NBS,185,0,0,0
2010,NBS,186,0,0,0
2010,NBS,187,0,0,0
2010,NBS,188,0,0,0
2010,NBS,189,0,0,0
2010,NBS,190,0,0,0
2010,NBS,191,0,0,0
2010,NBS,192,0,0,0
2010,NBS,193,0,0,0
2010,NBS,194,0,0,0
2010,NBS,195,0,0,0
2010,NBS,196,0,0,0
2010,NBS,197,0,0,0
2010,NBS,198,0,0,0
2010,NBS,199,0,0,0
2010,NBS,200,0,0,0
2010,NBS,201,0,0,0
2010,NBS,202,0,0,0
2010,NBS,203,0,0,0
2010,NBS,204,0,0,0
2010,NBS,205,0,0,0
2010,NBS,206,0,0,0
2010,NBS,207,0,0,0
2010,NBS,208,0,0,0
2010,NBS,209,0,0,0
2010,NBS,210,0,0,0
2010,NBS,211,0,0,0
2010,NBS,212,0,0,0
2010,NBS,213,0,0,0
2010,NBS,214,0,0,0
2010,NBS,215,0,0,0
2010,NBS,216,0,0,0
2010,NBS,217,0,0,0
2010,NBS,218,0,0,0
2010,NBS,219,0,0,0
2010,NBS,220,0,0,0
2010,NBS,221,0,0,0
2010,NBS,222,0,0,0
2010,NBS,223,0,0,0
2010,NBS,224,0,0,0
2010,NBS,225,0,0,0
2010,NBS,226,0,0,0
2010,NBS,227,0,0,0
2010,NBS,228,0,0,0
2010,NBS,229,0,0,0
2010,NBS,230,0,0,0
2010,NBS,231,0,0,0
2010,NBS,232,0,0,0
2010,NBS,233,0,0,0
2010,NBS,234,0,0,0
2010,NBS,235,0,0,0
2010,NBS,236,0,0,0
2010,NBS,237,0,0,0
2010,NBS,238,0,0,0
2010,NBS,239,0,0,0
2010,NBS,240,0,0,0
2010,NBS,241,0,0,0
2010,NBS,242,0,0,0
2010,NBS,243,0,0,0
2010,NBS,244,0,0,0
2010,NBS,245,0,0,0
2010,NBS,246,0,0,0
2010,NBS,247,0,0,0
2010,NBS,248,0,0,0
2010,NBS,249,0,0,0
2010,NBS,250,0,0,0
2017,NBS,0,0,0,0
2017,NBS,1,0,0,0
2017,NBS,2,0,0,0
2017,NBS,3,0,0,0
2017,NBS,4,0,0,0
2017,NBS,5,0,0,0
2017,NBS,6,0,1104392.274,1104392.274
2017,NBS,7,0,29995.27056,29995.27056
2017,NBS,8,0,0,0
2017,NBS,9,0,30850.43118,30850.43118
2017,NBS,10,0,30850.43118,30850.43118
2017,NBS,11,0,331075.6337,331075.6337
2017,NBS,12,0,109400.3837,109400.3837
2017,NBS,13,0,0,0
2017,NBS,14,0,99340.98216,99340.98216
2017,NBS,15,0,258671.5608,258671.5608
2017,NBS,16,0,792049.9802,792049.9802
2017,NBS,17,0,625007.3292,625007.3292
2017,NBS,18,0,483909.741,483909.741
2017,NBS,19,0,2069112.219,2069112.219
2017,NBS,20,0,5079146.461,5079146.461
2017,NBS,21,0,11789956.44,11789956.44
2017,NBS,22,0,9149913.234,9149913.234
2017,NBS,23,0,21393932.74,21393932.74
2017,NBS,24,0,55299905.2,55299905.2
2017,NBS,25,0,90942633.3,90942633.3
2017,NBS,26,0,132860874.7,132860874.7
2017,NBS,27,0,217098447.7,217098447.7
2017,NBS,28,0,310069961.1,310069961.1
2017,NBS,29,0,435148909,435148909
2017,NBS,30,0,482999896.7,482999896.7
2017,NBS,31,1879357.64,493763247.5,495642605.1
2017,NBS,32,2453593.361,554998548,557452141.4
2017,NBS,33,2847763.069,554591290,557439053.1
2017,NBS,34,3335766.803,559299981.9,562635748.7
2017,NBS,35,2772069.017,400159464.9,402931533.9
2017,NBS,36,2466475.479,306539037.2,309005512.7
2017,NBS,37,3017590.486,322886004.1,325903594.6
2017,NBS,38,3845064.008,354219466.3,358064530.3
2017,NBS,39,3852109.969,305525497,309377607
2017,NBS,40,4091662.442,279401357.7,283493020.1
2017,NBS,41,4170102.051,245163227.2,249333329.3
2017,NBS,42,3877267.127,196252094.9,200129362
2017,NBS,43,3638884.931,158575771.4,162214656.3
2017,NBS,44,3884251.787,145732299,149616550.8
2017,NBS,45,4160970.329,134407342.1,138568312.4
2017,NBS,46,3944605.312,109701322,113645927.3
2017,NBS,47,2831405.821,67793859.42,70625265.24
2017,NBS,48,2276556.828,46929579.8,49206136.63
2017,NBS,49,3301131.504,58588304.09,61889435.59
2017,NBS,50,3314701.737,50649188.26,53963890
2017,NBS,51,2002168.93,26339570.14,28341739.07
2017,NBS,52,2291815.943,25957785.16,28249601.1
2017,NBS,53,2677519.93,26109619.43,28787139.36
2017,NBS,54,1993566.474,16737033.4,18730599.87
2017,NBS,55,2713903.599,19616526.54,22330430.14
2017,NBS,56,1027550.1,6394559.476,7422109.576
2017,NBS,57,845560.1126,4530353.02,5375913.133
2017,NBS,58,1525362.976,7036240.738,8561603.714
2017,NBS,59,1968518.922,7817844.261,9786363.183
2017,NBS,60,962981.7179,3292648.683,4255630.401
2017,NBS,61,922406.1014,2715372.728,3637778.829
2017,NBS,62,951586.6225,2411768.09,3363354.713
2017,NBS,63,677645.0207,1478663.662,2156308.683
2017,NBS,64,736526.7056,1383679.73,2120206.436
2017,NBS,65,341644.7422,552588.3873,894233.1295
2017,NBS,66,578415.5559,805465.4359,1383880.992
2017,NBS,67,381323.1698,457172.4707,838495.6405
2017,NBS,68,188812.1105,194893.1859,383705.2964
2017,NBS,69,77900.45592,69228.78978,147129.2457
2017,NBS,70,444268.8173,339916.7015,784185.5188
2017,NBS,71,35714.29536,23526.03235,59240.32771
2017,NBS,72,39132.93575,22193.6619,61326.59765
2017,NBS,73,255073.4864,124546.5742,379620.0606
2017,NBS,74,20922.90646,8795.659595,29718.56606
2017,NBS,75,19398.00845,7020.74947,26418.75792
2017,NBS,76,47385.59661,14765.65159,62151.2482
2017,NBS,77,0,0,0
2017,NBS,78,23276.03366,5376.196131,28652.22979
2017,NBS,79,22036.57791,4382.180003,26418.75791
2017,NBS,80,24338.12719,4166.900668,28505.02786
2017,NBS,81,51888.63103,7648.532847,59537.16388
2017,NBS,82,0,0,0
2017,NBS,83,0,0,0
2017,NBS,84,24787.91823,2331.77034,27119.68857
2017,NBS,85,0,0,0
2017,NBS,86,0,0,0
2017,NBS,87,0,0,0
2017,NBS,88,0,0,0
2017,NBS,89,0,0,0
2017,NBS,90,0,0,0
2017,NBS,91,0,0,0
2017,NBS,92,0,0,0
2017,NBS,93,0,0,0
2017,NBS,94,0,0,0
2017,NBS,95,0,0,0
2017,NBS,96,0,0,0
2017,NBS,97,0,0,0
2017,NBS,98,0,0,0
2017,NBS,99,0,0,0
2017,NBS,100,0,0,0
2017,NBS,101,0,0,0
2017,NBS,102,0,0,0
2017,NBS,103,0,0,0
2017,NBS,104,31509.55496,148.4180177,31657.97298
2017,NBS,105,0,0,0
2017,NBS,106,0,0,0
2017,NBS,107,0,0,0
2017,NBS,108,0,0,0
2017,NBS,109,0,0,0
2017,NBS,110,0,0,0
2017,NBS,111,0,0,0
2017,NBS,112,0,0,0
2017,NBS,113,0,0,0
2017,NBS,114,0,0,0
2017,NBS,115,0,0,0
2017,NBS,116,0,0,0
2017,NBS,117,0,0,0
2017,NBS,118,0,0,0
2017,NBS,119,0,0,0
2017,NBS,120,0,0,0
2017,NBS,121,0,0,0
2017,NBS,122,0,0,0
2017,NBS,123,0,0,0
2017,NBS,124,28645.47364,6.756145648,28652.22979
2017,NBS,125,0,0,0
2017,NBS,126,0,0,0
2017,NBS,127,0,0,0
2017,NBS,128,0,0,0
2017,NBS,129,0,0,0
2017,NBS,130,0,0,0
2017,NBS,131,0,0,0
2017,NBS,132,0,0,0
2017,NBS,133,0,0,0
2017,NBS,134,0,0,0
2017,NBS,135,0,0,0
2017,NBS,136,0,0,0
2017,NBS,137,0,0,0
2017,NBS,138,0,0,0
2017,NBS,139,0,0,0
2017,NBS,140,0,0,0
2017,NBS,141,0,0,0
2017,NBS,142,0,0,0
2017,NBS,143,0,0,0
2017,NBS,144,0,0,0
2017,NBS,145,0,0,0
2017,NBS,146,0,0,0
2017,NBS,147,0,0,0
2017,NBS,148,0,0,0
2017,NBS,149,0,0,0
2017,NBS,150,0,0,0
2017,NBS,151,0,0,0
2017,NBS,152,0,0,0
2017,NBS,153,0,0,0
2017,NBS,154,0,0,0
2017,NBS,155,0,0,0
2017,NBS,156,0,0,0
2017,NBS,157,0,0,0
2017,NBS,158,0,0,0
2017,NBS,159,0,0,0
2017,NBS,160,0,0,0
2017,NBS,161,0,0,0
2017,NBS,162,0,0,0
2017,NBS,163,0,0,0
2017,NBS,164,0,0,0
2017,NBS,165,0,0,0
2017,NBS,166,0,0,0
2017,NBS,167,0,0,0
2017,NBS,168,0,0,0
2017,NBS,169,0,0,0
2017,NBS,170,0,0,0
2017,NBS,171,0,0,0
2017,NBS,172,0,0,0
2017,NBS,173,0,0,0
2017,NBS,174,0,0,0
2017,NBS,175,0,0,0
2017,NBS,176,0,0,0
2017,NBS,177,0,0,0
2017,NBS,178,0,0,0
2017,NBS,179,0,0,0
2017,NBS,180,0,0,0
2017,NBS,181,0,0,0
2017,NBS,182,0,0,0
2017,NBS,183,0,0,0
2017,NBS,184,0,0,0
2017,NBS,185,0,0,0
2017,NBS,186,0,0,0
2017,NBS,187,0,0,0
2017,NBS,188,0,0,0
2017,NBS,189,0,0,0
2017,NBS,190,0,0,0
2017,NBS,191,0,0,0
2017,NBS,192,0,0,0
2017,NBS,193,0,0,0
2017,NBS,194,0,0,0
2017,NBS,195,0,0,0
2017,NBS,196,0,0,0
2017,NBS,197,0,0,0
2017,NBS,198,0,0,0
2017,NBS,199,0,0,0
2017,NBS,200,0,0,0
2017,NBS,201,0,0,0
2017,NBS,202,0,0,0
2017,NBS,203,0,0,0
2017,NBS,204,0,0,0
2017,NBS,205,0,0,0
2017,NBS,206,0,0,0
2017,NBS,207,0,0,0
2017,NBS,208,0,0,0
2017,NBS,209,0,0,0
2017,NBS,210,0,0,0
2017,NBS,211,0,0,0
2017,NBS,212,0,0,0
2017,NBS,213,0,0,0
2017,NBS,214,0,0,0
2017,NBS,215,0,0,0
2017,NBS,216,0,0,0
2017,NBS,217,0,0,0
2017,NBS,218,0,0,0
2017,NBS,219,0,0,0
2017,NBS,220,0,0,0
2017,NBS,221,0,0,0
2017,NBS,222,0,0,0
2017,NBS,223,0,0,0
2017,NBS,224,0,0,0
2017,NBS,225,0,0,0
2017,NBS,226,0,0,0
2017,NBS,227,0,0,0
2017,NBS,228,0,0,0
2017,NBS,229,0,0,0
2017,NBS,230,0,0,0
2017,NBS,231,0,0,0
2017,NBS,232,0,0,0
2017,NBS,233,0,0,0
2017,NBS,234,0,0,0
2017,NBS,235,0,0,0
2017,NBS,236,0,0,0
2017,NBS,237,0,0,0
2017,NBS,238,0,0,0
2017,NBS,239,0,0,0
2017,NBS,240,0,0,0
2017,NBS,241,0,0,0
2017,NBS,242,0,0,0
2017,NBS,243,0,0,0
2017,NBS,244,0,0,0
2017,NBS,245,0,0,0
2017,NBS,246,0,0,0
2017,NBS,247,0,0,0
2017,NBS,248,0,0,0
2017,NBS,249,0,0,0
2017,NBS,250,0,0,0
2018,NBS,0,0,0,0
2018,NBS,1,0,0,0
2018,NBS,2,0,0,0
2018,NBS,3,0,0,0
2018,NBS,4,0,0,0
2018,NBS,5,0,0,0
2018,NBS,6,0,0,0
2018,NBS,7,0,0,0
2018,NBS,8,0,0,0
2018,NBS,9,0,0,0
2018,NBS,10,0,523881.882,523881.882
2018,NBS,11,0,359420.9473,359420.9473
2018,NBS,12,0,149945.0912,149945.0912
2018,NBS,13,0,74972.54562,74972.54562
2018,NBS,14,0,0,0
2018,NBS,15,0,0,0
2018,NBS,16,0,0,0
2018,NBS,17,0,68121.19521,68121.19521
2018,NBS,18,0,815994.7767,815994.7767
2018,NBS,19,0,512801.4786,512801.4786
2018,NBS,20,0,143093.7408,143093.7408
2018,NBS,21,0,68121.19521,68121.19521
2018,NBS,22,0,994650.1891,994650.1891
2018,NBS,23,0,2133932.716,2133932.716
2018,NBS,24,0,2599012.78,2599012.78
2018,NBS,25,0,13082388.71,13082388.71
2018,NBS,26,0,16518713.23,16518713.23
2018,NBS,27,0,7001559.085,7001559.085
2018,NBS,28,0,20598265.84,20598265.84
2018,NBS,29,0,23527481.25,23527481.25
2018,NBS,30,0,45272798.66,45272798.66
2018,NBS,31,1972337.405,30934713.64,32907051.05
2018,NBS,32,5639805.405,82125913.6,87765719.01
2018,NBS,33,4753045.775,64259789.23,69012835.01
2018,NBS,34,12355361.57,155086489.2,167441850.8
2018,NBS,35,18432133.14,214805456.8,233237589.9
2018,NBS,36,21650059.7,234250223.8,255900283.5
2018,NBS,37,39966353.13,401482521.5,441448874.6
2018,NBS,38,37348106.29,348330828.8,385678935.1
2018,NBS,39,40478057.16,350504979.2,390983036.4
2018,NBS,40,32113236.74,258172404.1,290285640.8
2018,NBS,41,34416861.22,256890594.6,291307455.8
2018,NBS,42,43150362.49,299028510.3,342178872.8
2018,NBS,43,34662687.77,223018858.9,257681546.7
2018,NBS,44,30912928.77,184659099.3,215572028.1
2018,NBS,45,24621191.77,136549726.9,161170918.7
2018,NBS,46,15371971.7,79152119.17,94524090.87
2018,NBS,47,13571441.77,64879898.79,78451340.56
2018,NBS,48,11022722.82,48924260.3,59946983.12
2018,NBS,49,7162745.95,29516586.73,36679332.68
2018,NBS,50,7758271.732,29682657.37,37440929.1
2018,NBS,51,9707108.105,34480921.52,44188029.63
2018,NBS,52,7838639.419,25851210.88,33689850.3
2018,NBS,53,7844692.259,24019685.68,31864377.94
2018,NBS,54,4431038.947,12596450.41,17027489.36
2018,NBS,55,4949132.706,13062398.19,18011530.9
2018,NBS,56,5462544.118,13385665.95,18848210.07
2018,NBS,57,2038316.008,4637327.262,6675643.27
2018,NBS,58,5112466.646,10798860.31,15911326.96
2018,NBS,59,5132915.684,10066135.49,15199051.17
2018,NBS,60,3314857.051,6035519.417,9350376.468
2018,NBS,61,1994587.597,3371740.685,5366328.282
2018,NBS,62,2773129.225,4352335.497,7125464.722
2018,NBS,63,3761212.947,5480641.38,9241854.327
2018,NBS,64,2660367.324,3599119.557,6259486.881
2018,NBS,65,3047563.334,3827882.635,6875445.969
2018,NBS,66,1872414.924,2183530.051,4055944.975
2018,NBS,67,2391392.416,2589161.451,4980553.867
2018,NBS,68,2324193.357,2336316.875,4660510.232
2018,NBS,69,791696.4555,738872.3184,1530568.774
2018,NBS,70,933060.235,808484.2841,1741544.519
2018,NBS,71,1341704.553,1079369.147,2421073.7
2018,NBS,72,729413.5239,544801.2849,1274214.809
2018,NBS,73,2012259.97,1395402.848,3407662.818
2018,NBS,74,476205.8139,306592.4219,782798.2358
2018,NBS,75,642759.006,384207.7303,1026966.736
2018,NBS,76,462413.1905,256625.2277,719038.4182
2018,NBS,77,203015.325,104604.2095,307619.5345
2018,NBS,78,243184.8394,116334.3697,359519.2091
2018,NBS,79,373424.8208,165853.9928,539278.8136
2018,NBS,80,776753.5634,320300.1999,1097053.763
2018,NBS,81,352446.197,134932.942,487379.139
2018,NBS,82,132620.0436,47139.5609,179759.6045
2018,NBS,83,0,0,0
2018,NBS,84,550399.7971,168638.621,719038.4181
2018,NBS,85,279897.8559,79621.35318,359519.2091
2018,NBS,86,142202.752,37556.85256,179759.6046
2018,NBS,87,75463.60791,18504.18486,93967.79277
2018,NBS,88,0,0,0
2018,NBS,89,148394.15,31365.45449,179759.6045
2018,NBS,90,150270.6047,29488.99988,179759.6046
2018,NBS,91,0,0,0
2018,NBS,92,153751.5471,26008.05741,179759.6045
2018,NBS,93,155360.1917,24399.4128,179759.6045
2018,NBS,94,0,0,0
2018,NBS,95,0,0,0
2018,NBS,96,0,0,0
2018,NBS,97,0,0,0
2018,NBS,98,0,0,0
2018,NBS,99,0,0,0
2018,NBS,100,0,0,0
2018,NBS,101,165416.9579,14342.64665,179759.6046
2018,NBS,102,0,0,0
2018,NBS,103,0,0,0
2018,NBS,104,0,0,0
2018,NBS,105,0,0,0
2018,NBS,106,0,0,0
2018,NBS,107,0,0,0
2018,NBS,108,0,0,0
2018,NBS,109,0,0,0
2018,NBS,110,0,0,0
2018,NBS,111,0,0,0
2018,NBS,112,0,0,0
2018,NBS,113,0,0,0
2018,NBS,114,0,0,0
2018,NBS,115,0,0,0
2018,NBS,116,0,0,0
2018,NBS,117,0,0,0
2018,NBS,118,0,0,0
2018,NBS,119,0,0,0
2018,NBS,120,0,0,0
2018,NBS,121,0,0,0
2018,NBS,122,0,0,0
2018,NBS,123,0,0,0
2018,NBS,124,0,0,0
2018,NBS,125,0,0,0
2018,NBS,126,0,0,0
2018,NBS,127,0,0,0
2018,NBS,128,0,0,0
2018,NBS,129,0,0,0
2018,NBS,130,0,0,0
2018,NBS,131,0,0,0
2018,NBS,132,0,0,0
2018,NBS,133,0,0,0
2018,NBS,134,0,0,0
2018,NBS,135,0,0,0
2018,NBS,136,0,0,0
2018,NBS,137,0,0,0
2018,NBS,138,0,0,0
2018,NBS,139,0,0,0
2018,NBS,140,0,0,0
2018,NBS,141,0,0,0
2018,NBS,142,0,0,0
2018,NBS,143,0,0,0
2018,NBS,144,0,0,0
2018,NBS,145,0,0,0
2018,NBS,146,0,0,0
2018,NBS,147,0,0,0
2018,NBS,148,0,0,0
2018,NBS,149,0,0,0
2018,NBS,150,0,0,0
2018,NBS,151,0,0,0
2018,NBS,152,0,0,0
2018,NBS,153,0,0,0
2018,NBS,154,0,0,0
2018,NBS,155,0,0,0
2018,NBS,156,0,0,0
2018,NBS,157,0,0,0
2018,NBS,158,0,0,0
2018,NBS,159,0,0,0
2018,NBS,160,0,0,0
2018,NBS,161,0,0,0
2018,NBS,162,0,0,0
2018,NBS,163,0,0,0
2018,NBS,164,0,0,0
2018,NBS,165,0,0,0
2018,NBS,166,0,0,0
2018,NBS,167,0,0,0
2018,NBS,168,0,0,0
2018,NBS,169,0,0,0
2018,NBS,170,0,0,0
2018,NBS,171,0,0,0
2018,NBS,172,0,0,0
2018,NBS,173,0,0,0
2018,NBS,174,0,0,0
2018,NBS,175,0,0,0
2018,NBS,176,0,0,0
2018,NBS,177,0,0,0
2018,NBS,178,0,0,0
2018,NBS,179,0,0,0
2018,NBS,180,0,0,0
2018,NBS,181,0,0,0
2018,NBS,182,0,0,0
2018,NBS,183,0,0,0
2018,NBS,184,0,0,0
2018,NBS,185,0,0,0
2018,NBS,186,0,0,0
2018,NBS,187,0,0,0
2018,NBS,188,0,0,0
2018,NBS,189,0,0,0
2018,NBS,190,0,0,0
2018,NBS,191,0,0,0
2018,NBS,192,0,0,0
2018,NBS,193,0,0,0
2018,NBS,194,0,0,0
2018,NBS,195,0,0,0
2018,NBS,196,0,0,0
2018,NBS,197,0,0,0
2018,NBS,198,0,0,0
2018,NBS,199,0,0,0
2018,NBS,200,0,0,0
2018,NBS,201,0,0,0
2018,NBS,202,0,0,0
2018,NBS,203,0,0,0
2018,NBS,204,0,0,0
2018,NBS,205,0,0,0
2018,NBS,206,0,0,0
2018,NBS,207,0,0,0
2018,NBS,208,0,0,0
2018,NBS,209,0,0,0
2018,NBS,210,0,0,0
2018,NBS,211,0,0,0
2018,NBS,212,0,0,0
2018,NBS,213,0,0,0
2018,NBS,214,0,0,0
2018,NBS,215,0,0,0
2018,NBS,216,0,0,0
2018,NBS,217,0,0,0
2018,NBS,218,0,0,0
2018,NBS,219,0,0,0
2018,NBS,220,0,0,0
2018,NBS,221,0,0,0
2018,NBS,222,0,0,0
2018,NBS,223,0,0,0
2018,NBS,224,0,0,0
2018,NBS,225,0,0,0
2018,NBS,226,0,0,0
2018,NBS,227,0,0,0
2018,NBS,228,0,0,0
2018,NBS,229,0,0,0
2018,NBS,230,0,0,0
2018,NBS,231,0,0,0
2018,NBS,232,0,0,0
2018,NBS,233,0,0,0
2018,NBS,234,0,0,0
2018,NBS,235,0,0,0
2018,NBS,236,0,0,0
2018,NBS,237,0,0,0
2018,NBS,238,0,0,0
2018,NBS,239,0,0,0
2018,NBS,240,0,0,0
2018,NBS,241,0,0,0
2018,NBS,242,0,0,0
2018,NBS,243,0,0,0
2018,NBS,244,0,0,0
2018,NBS,245,0,0,0
2018,NBS,246,0,0,0
2018,NBS,247,0,0,0
2018,NBS,248,0,0,0
2018,NBS,249,0,0,0
2018,NBS,250,0,0,0
2019,NBS,0,0,0,0
2019,NBS,1,0,0,0
2019,NBS,2,0,0,0
2019,NBS,3,0,0,0
2019,NBS,4,0,0,0
2019,NBS,5,0,30652.92771,30652.92771
2019,NBS,6,0,0,0
2019,NBS,7,0,2239229.932,2239229.932
2019,NBS,8,0,219048.7521,219048.7521
2019,NBS,9,0,62313.2426,62313.2426
2019,NBS,10,0,15478554.78,15478554.78
2019,NBS,11,0,31672865.49,31672865.49
2019,NBS,12,0,32490982.19,32490982.19
2019,NBS,13,0,3115390.935,3115390.935
2019,NBS,14,0,5465341.479,5465341.479
2019,NBS,15,0,19066334.8,19066334.8
2019,NBS,16,0,10438323.37,10438323.37
2019,NBS,17,0,14215912.48,14215912.48
2019,NBS,18,0,2591502.884,2591502.884
2019,NBS,19,0,859218.6176,859218.6176
2019,NBS,20,0,1944982.351,1944982.351
2019,NBS,21,0,4428591.008,4428591.008
2019,NBS,22,0,8178379.732,8178379.732
2019,NBS,23,0,13178296.88,13178296.88
2019,NBS,24,0,9190763.467,9190763.467
2019,NBS,25,0,4422132.823,4422132.823
2019,NBS,26,0,5054794.529,5054794.529
2019,NBS,27,0,10187899.89,10187899.89
2019,NBS,28,0,16065045.9,16065045.9
2019,NBS,29,0,26850188.35,26850188.35
2019,NBS,30,0,34764716.51,34764716.51
2019,NBS,31,848769.9893,39772781.01,40621551
2019,NBS,32,924746.618,39867145.76,40791892.38
2019,NBS,33,961686.0836,38143643.32,39105329.4
2019,NBS,34,875666.2371,31953901.71,32829567.95
2019,NBS,35,710012.2299,23836778.9,24546791.13
2019,NBS,36,898412.5524,27749425.66,28647838.21
2019,NBS,37,1265289.954,35955447.33,37220737.28
2019,NBS,38,1612392.284,42154291.7,43766683.98
2019,NBS,39,1646594.557,39605382.27,41251976.83
2019,NBS,40,1774131.791,39259960.75,41034092.54
2019,NBS,41,1683596.82,34276662.51,35960259.33
2019,NBS,42,1851202.786,34674553.36,36525756.15
2019,NBS,43,2695039.841,46442813.26,49137853.1
2019,NBS,44,3454956.069,54776251.34,58231207.41
2019,NBS,45,3731702.496,54431868.15,58163570.65
2019,NBS,46,4217196.772,56593498.39,60810695.16
2019,NBS,47,6072739.023,74976254.69,81048993.71
2019,NBS,48,7619501.251,86549012.7,94168513.95
2019,NBS,49,9792413.245,102334425.3,112126838.5
2019,NBS,50,8273269.038,79543668.84,87816937.88
2019,NBS,51,9966286.746,88157303.59,98123590.34
2019,NBS,52,7673975.13,62451339.24,70125314.37
2019,NBS,53,9858806.116,73814578.35,83673384.47
2019,NBS,54,9010481.773,62067217.86,71077699.63
2019,NBS,55,9512746.842,60286025.7,69798772.54
2019,NBS,56,12354217.09,72031488.99,84385706.08
2019,NBS,57,8299364.486,44519312.68,52818677.17
2019,NBS,58,10661915.55,52618116.69,63280032.24
2019,NBS,59,10131203.88,45999971.79,56131175.67
2019,NBS,60,7563586.45,31595172.75,39158759.2
2019,NBS,61,7050014.2,27094391.37,34144405.57
2019,NBS,62,7820327.989,27650998.89,35471326.88
2019,NBS,63,8147728.647,26504454.02,34652182.67
2019,NBS,64,8287456.68,24802760.85,33090217.53
2019,NBS,65,4422519.507,12177130.5,16599650.01
2019,NBS,66,6550261.462,16593205.35,23143466.81
2019,NBS,67,9026988.795,21038317.47,30065306.27
2019,NBS,68,5682210.402,12183774.73,17865985.13
2019,NBS,69,6025108.476,11885730.23,17910838.71
2019,NBS,70,5065260.773,9193042.252,14258303.03
2019,NBS,71,5943262.945,9923819.15,15867082.1
2019,NBS,72,3768548.291,5789278.333,9557826.624
2019,NBS,73,6657872.254,9409840.277,16067712.53
2019,NBS,74,3821641.194,4969276.384,8790917.578
2019,NBS,75,4170390.655,4989033.615,9159424.27
2019,NBS,76,7544220.526,8303295.903,15847516.43
2019,NBS,77,4784097.36,4844317.488,9628414.848
2019,NBS,78,5318710.665,4954905.812,10273616.48
2019,NBS,79,4405863.92,3776213.722,8182077.642
2019,NBS,80,3023212.616,2383914.234,5407126.85
2019,NBS,81,2074101.001,1504694.333,3578795.334
2019,NBS,82,4549980.578,3036857.235,7586837.813
2019,NBS,83,3421189.753,2100818.071,5522007.824
2019,NBS,84,1910568.577,1079370.045,2989938.622
2019,NBS,85,1461650.392,759709.727,2221360.119
2019,NBS,86,1279667.473,611924.3841,1891591.857
2019,NBS,87,1322135.299,581665.0608,1903800.36
2019,NBS,88,1361670.57,551144.626,1912815.196
2019,NBS,89,2418129.381,900470.5395,3318599.921
2019,NBS,90,736710.8365,252396.5892,989107.4257
2019,NBS,91,746135.8506,235180.2134,981316.064
2019,NBS,92,1001850.502,290524.1515,1292374.654
2019,NBS,93,567045.6254,151284.2702,718329.8956
2019,NBS,94,1681207.936,412661.2129,2093869.149
2019,NBS,95,127177.0011,28719.52467,155896.5258
2019,NBS,96,758653.7085,157619.0486,916272.7571
2019,NBS,97,811043.9125,155026.4972,966070.4097
2019,NBS,98,656742.5154,115492.3308,772234.8462
2019,NBS,99,396299.7564,64117.74919,460417.5056
2019,NBS,100,73313.76756,10912.80639,84226.57395
2019,NBS,101,271059.1785,37120.30008,308179.4786
2019,NBS,102,137296.6344,17298.311,154594.9454
2019,NBS,103,71743.42889,8316.151407,80059.5803
2019,NBS,104,254101.3593,27098.40288,281199.7622
2019,NBS,105,141392.1696,13872.62077,155264.7904
2019,NBS,106,258759.8987,23357.51181,282117.4105
2019,NBS,107,196053.8632,16281.7641,212335.6273
2019,NBS,108,26244.51878,2005.215793,28249.73457
2019,NBS,109,53322.57396,3748.263004,57070.83696
2019,NBS,110,0,0,0
2019,NBS,111,0,0,0
2019,NBS,112,0,0,0
2019,NBS,113,49053.70882,2470.452996,51524.16182
2019,NBS,114,121117.4957,5611.87615,126729.3719
2019,NBS,115,27368.73675,1166.681728,28535.41848
2019,NBS,116,0,0,0
2019,NBS,117,0,0,0
2019,NBS,118,0,0,0
2019,NBS,119,0,0,0
2019,NBS,120,0,0,0
2019,NBS,121,0,0,0
2019,NBS,122,0,0,0
2019,NBS,123,0,0,0
2019,NBS,124,0,0,0
2019,NBS,125,0,0,0
2019,NBS,126,0,0,0
2019,NBS,127,0,0,0
2019,NBS,128,0,0,0
2019,NBS,129,0,0,0
2019,NBS,130,0,0,0
2019,NBS,131,0,0,0
2019,NBS,132,0,0,0
2019,NBS,133,0,0,0
2019,NBS,134,0,0,0
2019,NBS,135,0,0,0
2019,NBS,136,0,0,0
2019,NBS,137,0,0,0
2019,NBS,138,0,0,0
2019,NBS,139,0,0,0
2019,NBS,140,0,0,0
2019,NBS,141,0,0,0
2019,NBS,142,0,0,0
2019,NBS,143,0,0,0
2019,NBS,144,0,0,0
2019,NBS,145,0,0,0
2019,NBS,146,0,0,0
2019,NBS,147,0,0,0
2019,NBS,148,0,0,0
2019,NBS,149,0,0,0
2019,NBS,150,0,0,0
2019,NBS,151,0,0,0
2019,NBS,152,0,0,0
2019,NBS,153,0,0,0
2019,NBS,154,0,0,0
2019,NBS,155,0,0,0
2019,NBS,156,0,0,0
2019,NBS,157,0,0,0
2019,NBS,158,0,0,0
2019,NBS,159,0,0,0
2019,NBS,160,0,0,0
2019,NBS,161,0,0,0
2019,NBS,162,0,0,0
2019,NBS,163,0,0,0
2019,NBS,164,0,0,0
2019,NBS,165,0,0,0
2019,NBS,166,0,0,0
2019,NBS,167,0,0,0
2019,NBS,168,0,0,0
2019,NBS,169,0,0,0
2019,NBS,170,0,0,0
2019,NBS,171,0,0,0
2019,NBS,172,0,0,0
2019,NBS,173,0,0,0
2019,NBS,174,0,0,0
2019,NBS,175,0,0,0
2019,NBS,176,0,0,0
2019,NBS,177,0,0,0
2019,NBS,178,0,0,0
2019,NBS,179,0,0,0
2019,NBS,180,0,0,0
2019,NBS,181,0,0,0
2019,NBS,182,0,0,0
2019,NBS,183,0,0,0
2019,NBS,184,0,0,0
2019,NBS,185,0,0,0
2019,NBS,186,0,0,0
2019,NBS,187,0,0,0
2019,NBS,188,0,0,0
2019,NBS,189,0,0,0
2019,NBS,190,0,0,0
2019,NBS,191,0,0,0
2019,NBS,192,0,0,0
2019,NBS,193,0,0,0
2019,NBS,194,0,0,0
2019,NBS,195,0,0,0
2019,NBS,196,0,0,0
2019,NBS,197,0,0,0
2019,NBS,198,0,0,0
2019,NBS,199,0,0,0
2019,NBS,200,0,0,0
2019,NBS,201,0,0,0
2019,NBS,202,0,0,0
2019,NBS,203,0,0,0
2019,NBS,204,0,0,0
2019,NBS,205,0,0,0
2019,NBS,206,0,0,0
2019,NBS,207,0,0,0
2019,NBS,208,0,0,0
2019,NBS,209,0,0,0
2019,NBS,210,0,0,0
2019,NBS,211,0,0,0
2019,NBS,212,0,0,0
2019,NBS,213,0,0,0
2019,NBS,214,0,0,0
2019,NBS,215,0,0,0
2019,NBS,216,0,0,0
2019,NBS,217,0,0,0
2019,NBS,218,0,0,0
2019,NBS,219,0,0,0
2019,NBS,220,0,0,0
2019,NBS,221,0,0,0
2019,NBS,222,0,0,0
2019,NBS,223,0,0,0
2019,NBS,224,0,0,0
2019,NBS,225,0,0,0
2019,NBS,226,0,0,0
2019,NBS,227,0,0,0
2019,NBS,228,0,0,0
2019,NBS,229,0,0,0
2019,NBS,230,0,0,0
2019,NBS,231,0,0,0
2019,NBS,232,0,0,0
2019,NBS,233,0,0,0
2019,NBS,234,0,0,0
2019,NBS,235,0,0,0
2019,NBS,236,0,0,0
2019,NBS,237,0,0,0
2019,NBS,238,0,0,0
2019,NBS,239,0,0,0
2019,NBS,240,0,0,0
2019,NBS,241,0,0,0
2019,NBS,242,0,0,0
2019,NBS,243,0,0,0
2019,NBS,244,0,0,0
2019,NBS,245,0,0,0
2019,NBS,246,0,0,0
2019,NBS,247,0,0,0
2019,NBS,248,0,0,0
2019,NBS,249,0,0,0
2019,NBS,250,0,0,0
2010,EBS,0,0,0,0
2010,EBS,1,0,0,0
2010,EBS,2,0,0,0
2010,EBS,3,0,0,0
2010,EBS,4,0,0,0
2010,EBS,5,0,0,0
2010,EBS,6,0,0,0
2010,EBS,7,0,0,0
2010,EBS,8,0,0,0
2010,EBS,9,0,27094.03691,27094.03691
2010,EBS,10,0,0,0
2010,EBS,11,0,47767.21532,47767.21532
2010,EBS,12,0,67538.03622,67538.03622
2010,EBS,13,0,316943.2155,316943.2155
2010,EBS,14,0,329639.6388,329639.6388
2010,EBS,15,0,174184.3044,174184.3044
2010,EBS,16,0,436845.8625,436845.8625
2010,EBS,17,0,198176.6596,198176.6596
2010,EBS,18,0,597796.7113,597796.7113
2010,EBS,19,0,765976.5063,765976.5063
2010,EBS,20,0,1488387.003,1488387.003
2010,EBS,21,0,4549311.719,4549311.719
2010,EBS,22,0,7361909.545,7361909.545
2010,EBS,23,0,12221766.92,12221766.92
2010,EBS,24,0,13401547.27,13401547.27
2010,EBS,25,0,3128905.03,3128905.03
2010,EBS,26,0,14797407.78,14797407.78
2010,EBS,27,0,13500451.6,13500451.6
2010,EBS,28,0,21346691.75,21346691.75
2010,EBS,29,0,24240118.23,24240118.23
2010,EBS,30,0,25547696.92,25547696.92
2010,EBS,31,1577828.248,31290265.88,32868094.13
2010,EBS,32,1241256.093,22924800.49,24166056.58
2010,EBS,33,1204991.325,20726345.66,21931336.99
2010,EBS,34,1597691.38,25593303.88,27190995.26
2010,EBS,35,1353531.646,20192798.91,21546330.56
2010,EBS,36,1938043.88,26926899.96,28864943.84
2010,EBS,37,1527296.451,19762447.92,21289744.37
2010,EBS,38,2157898.794,26004176.97,28162075.76
2010,EBS,39,3598308.819,40383608.11,43981916.93
2010,EBS,40,4379552.52,45775286.29,50154838.81
2010,EBS,41,5539714.655,53924157.75,59463872.41
2010,EBS,42,7710220.423,69896819.44,77607039.86
2010,EBS,43,10695384.46,90298734.84,100994119.3
2010,EBS,44,10595677.15,83312204.56,93907881.71
2010,EBS,45,16453153.42,120482425.5,136935578.9
2010,EBS,46,15877276.95,108279245.3,124156522.3
2010,EBS,47,18080394.99,114834334.7,132914729.7
2010,EBS,48,20385187.04,120579419.9,140964606.9
2010,EBS,49,15918177.23,87689273.11,103607450.3
2010,EBS,50,15407354.44,79045263.71,94452618.15
2010,EBS,51,16940525.18,80941135.73,97881660.91
2010,EBS,52,12550457.37,55846585.05,68397042.42
2010,EBS,53,16676238.58,69108236.96,85784475.54
2010,EBS,54,12662490.46,48870354.55,61532845.01
2010,EBS,55,8434899.587,30318025.96,38752925.55
2010,EBS,56,11217691.19,37550794.36,48768485.55
2010,EBS,57,13704608.65,42724494.35,56429103
2010,EBS,58,8421222.325,24450068,32871290.33
2010,EBS,59,7525868.26,20349614.89,27875483.15
2010,EBS,60,10973049.91,27632589.31,38605639.22
2010,EBS,61,12158213.44,28514032.23,40672245.67
2010,EBS,62,10449475.65,22823277.78,33272753.43
2010,EBS,63,10929564.4,22232127.08,33161691.48
2010,EBS,64,6459637.165,12237168.27,18696805.44
2010,EBS,65,6354668.246,11211412.58,17566080.83
2010,EBS,66,7772940.303,12771662.38,20544602.68
2010,EBS,67,5368094.825,8214420.313,13582515.14
2010,EBS,68,6370905.753,9079304.204,15450209.96
2010,EBS,69,3149226.097,4179745.834,7328971.931
2010,EBS,70,5520202.51,6823319.178,12343521.69
2010,EBS,71,4838403.444,5569771.778,10408175.22
2010,EBS,72,5542897.933,5942467.95,11485365.88
2010,EBS,73,2886138.776,2881653.915,5767792.691
2010,EBS,74,6219113.409,5782927.301,12002040.71
2010,EBS,75,8001722.257,6929427.797,14931150.05
2010,EBS,76,6257990.138,5047117.557,11305107.7
2010,EBS,77,3533977.751,2654403.87,6188381.621
2010,EBS,78,6132271.522,4289623.856,10421895.38
2010,EBS,79,3821303.828,2489453.68,6310757.508
2010,EBS,80,2835064.593,1720085.693,4555150.286
2010,EBS,81,3187152.92,1800879.572,4988032.492
2010,EBS,82,3745834.591,1971174.222,5717008.813
2010,EBS,83,4850826.535,2377315.406,7228141.941
2010,EBS,84,4133023.357,1886399.031,6019422.388
2010,EBS,85,3298521.323,1402102.12,4700623.443
2010,EBS,86,2900879.256,1148377.427,4049256.683
2010,EBS,87,5438221.162,2004963.659,7443184.821
2010,EBS,88,8476707.716,2910526.066,11387233.78
2010,EBS,89,4208962.406,1345903.666,5554866.072
2010,EBS,90,3629130.91,1080777.286,4709908.196
2010,EBS,91,4832116.83,1340187.754,6172304.584
2010,EBS,92,5103538.404,1318239.289,6421777.693
2010,EBS,93,5071005.561,1219864.508,6290870.069
2010,EBS,94,5932653.584,1329110.668,7261764.252
2010,EBS,95,5512114.854,1150072.071,6662186.925
2010,EBS,96,5352304.113,1040021.279,6392325.392
2010,EBS,97,5361045.097,970164.8796,6331209.977
2010,EBS,98,5940367.384,1001161.265,6941528.649
2010,EBS,99,5332794.285,837028.4296,6169822.715
2010,EBS,100,5602812.759,819004.2058,6421816.965
2010,EBS,101,6405059.383,871962.5414,7277021.924
2010,EBS,102,5101525.446,646799.045,5748324.491
2010,EBS,103,5910213.791,697858.1401,6608071.931
2010,EBS,104,5723940.869,629439.1346,6353380.004
2010,EBS,105,5383176.304,551304.8981,5934481.202
2010,EBS,106,5586258.756,532805.7962,6119064.552
2010,EBS,107,5318809.035,472451.1767,5791260.212
2010,EBS,108,5416282.995,448062.4299,5864345.425
2010,EBS,109,5258491.525,405128.6952,5663620.22
2010,EBS,110,4928534.016,353626.0338,5282160.05
2010,EBS,111,5456048.162,364585.4326,5820633.595
2010,EBS,112,5876461.208,365705.6206,6242166.829
2010,EBS,113,5363311.979,310844.6998,5674156.679
2010,EBS,114,6424105.947,346751.0191,6770856.966
2010,EBS,115,5945571.156,298877.5382,6244448.694
2010,EBS,116,6044460.537,282977.4884,6327438.025
2010,EBS,117,4907279.488,213958.6157,5121238.104
2010,EBS,118,6009891.954,244033.9756,6253925.93
2010,EBS,119,4094347.216,154832.7921,4249180.008
2010,EBS,120,4438671.585,156324.0988,4594995.684
2010,EBS,121,4270752.738,140078.6648,4410831.403
2010,EBS,122,4290741.619,131067.3664,4421808.985
2010,EBS,123,3030552.541,86214.17427,3116766.715
2010,EBS,124,2900485.078,76846.15378,2977331.232
2010,EBS,125,2265081.102,55889.45847,2320970.56
2010,EBS,126,2239241.328,51456.67156,2290698
2010,EBS,127,2081428.589,44544.79352,2125973.383
2010,EBS,128,1431137.433,28524.06523,1459661.498
2010,EBS,129,1271348.058,23598.76026,1294946.818
2010,EBS,130,720076.8702,12447.96133,732524.8315
2010,EBS,131,394787.2281,6355.900772,401143.1289
2010,EBS,132,390746.5901,5858.735018,396605.3251
2010,EBS,133,199776.4231,2789.635988,202566.0591
2010,EBS,134,249483.715,3244.443019,252728.158
2010,EBS,135,148291.6714,1796.012496,150087.6839
2010,EBS,136,230806.4814,2603.366062,233409.8475
2010,EBS,137,231570.8047,2432.571915,234003.3766
2010,EBS,138,159757.3054,1562.921823,161320.2272
2010,EBS,139,144596.3469,1317.432868,145913.7798
2010,EBS,140,47249.31219,400.9233116,47650.2355
2010,EBS,141,61522.60177,486.1778361,62008.77961
2010,EBS,142,54224.95657,399.0748147,54624.03138
2010,EBS,143,19373.08775,132.7848717,19505.87262
2010,EBS,144,48731.82241,311.0692274,49042.89164
2010,EBS,145,0,0,0
2010,EBS,146,27310.06783,151.2016276,27461.26946
2010,EBS,147,0,0,0
2010,EBS,148,0,0,0
2010,EBS,149,0,0,0
2010,EBS,150,0,0,0
2010,EBS,151,0,0,0
2010,EBS,152,0,0,0
2010,EBS,153,0,0,0
2010,EBS,154,0,0,0
2010,EBS,155,0,0,0
2010,EBS,156,0,0,0
2010,EBS,157,0,0,0
2010,EBS,158,0,0,0
2010,EBS,159,0,0,0
2010,EBS,160,0,0,0
2010,EBS,161,0,0,0
2010,EBS,162,0,0,0
2010,EBS,163,0,0,0
2010,EBS,164,0,0,0
2010,EBS,165,0,0,0
2010,EBS,166,0,0,0
2010,EBS,167,0,0,0
2010,EBS,168,0,0,0
2010,EBS,169,0,0,0
2010,EBS,170,0,0,0
2010,EBS,171,0,0,0
2010,EBS,172,0,0,0
2010,EBS,173,0,0,0
2010,EBS,174,0,0,0
2010,EBS,175,0,0,0
2010,EBS,176,0,0,0
2010,EBS,177,0,0,0
2010,EBS,178,0,0,0
2010,EBS,179,0,0,0
2010,EBS,180,0,0,0
2010,EBS,181,0,0,0
2010,EBS,182,0,0,0
2010,EBS,183,0,0,0
2010,EBS,184,0,0,0
2010,EBS,185,0,0,0
2010,EBS,186,0,0,0
2010,EBS,187,0,0,0
2010,EBS,188,0,0,0
2010,EBS,189,0,0,0
2010,EBS,190,0,0,0
2010,EBS,191,0,0,0
2010,EBS,192,0,0,0
2010,EBS,193,0,0,0
2010,EBS,194,0,0,0
2010,EBS,195,0,0,0
2010,EBS,196,0,0,0
2010,EBS,197,0,0,0
2010,EBS,198,0,0,0
2010,EBS,199,0,0,0
2010,EBS,200,0,0,0
2010,EBS,201,0,0,0
2010,EBS,202,0,0,0
2010,EBS,203,0,0,0
2010,EBS,204,0,0,0
2010,EBS,205,0,0,0
2010,EBS,206,0,0,0
2010,EBS,207,0,0,0
2010,EBS,208,0,0,0
2010,EBS,209,0,0,0
2010,EBS,210,0,0,0
2010,EBS,211,0,0,0
2010,EBS,212,0,0,0
2010,EBS,213,0,0,0
2010,EBS,214,0,0,0
2010,EBS,215,0,0,0
2010,EBS,216,0,0,0
2010,EBS,217,0,0,0
2010,EBS,218,0,0,0
2010,EBS,219,0,0,0
2010,EBS,220,0,0,0
2010,EBS,221,0,0,0
2010,EBS,222,0,0,0
2010,EBS,223,0,0,0
2010,EBS,224,0,0,0
2010,EBS,225,0,0,0
2010,EBS,226,0,0,0
2010,EBS,227,0,0,0
2010,EBS,228,0,0,0
2010,EBS,229,0,0,0
2010,EBS,230,0,0,0
2010,EBS,231,0,0,0
2010,EBS,232,0,0,0
2010,EBS,233,0,0,0
2010,EBS,234,0,0,0
2010,EBS,235,0,0,0
2010,EBS,236,0,0,0
2010,EBS,237,0,0,0
2010,EBS,238,0,0,0
2010,EBS,239,0,0,0
2010,EBS,240,0,0,0
2010,EBS,241,0,0,0
2010,EBS,242,0,0,0
2010,EBS,243,0,0,0
2010,EBS,244,0,0,0
2010,EBS,245,0,0,0
2010,EBS,246,0,0,0
2010,EBS,247,0,0,0
2010,EBS,248,0,0,0
2010,EBS,249,0,0,0
2010,EBS,250,0,0,0
2017,EBS,0,0,0,0
2017,EBS,1,0,0,0
2017,EBS,2,0,0,0
2017,EBS,3,0,0,0
2017,EBS,4,0,0,0
2017,EBS,5,0,0,0
2017,EBS,6,0,29021.33932,29021.33932
2017,EBS,7,0,0,0
2017,EBS,8,0,0,0
2017,EBS,9,0,0,0
2017,EBS,10,0,57859.64971,57859.64971
2017,EBS,11,0,229699.2794,229699.2794
2017,EBS,12,0,19697.89569,19697.89569
2017,EBS,13,0,19697.89569,19697.89569
2017,EBS,14,0,39395.79138,39395.79138
2017,EBS,15,0,155170.6761,155170.6761
2017,EBS,16,0,413655.8094,413655.8094
2017,EBS,17,0,196978.9569,196978.9569
2017,EBS,18,0,118187.3741,118187.3741
2017,EBS,19,0,797402.4965,797402.4965
2017,EBS,20,0,818590.0556,818590.0556
2017,EBS,21,0,914596.1613,914596.1613
2017,EBS,22,0,179291.077,179291.077
2017,EBS,23,0,156448.557,156448.557
2017,EBS,24,0,121880.6109,121880.6109
2017,EBS,25,0,3542744.907,3542744.907
2017,EBS,26,0,2539791.562,2539791.562
2017,EBS,27,0,11165786.58,11165786.58
2017,EBS,28,0,12799057.43,12799057.43
2017,EBS,29,0,25214984,25214984
2017,EBS,30,0,37591309.45,37591309.45
2017,EBS,31,3291107.344,51451861.89,54742969.23
2017,EBS,32,2975239.939,43540545.85,46515785.79
2017,EBS,33,2765136.199,37879237.51,40644373.71
2017,EBS,34,3673456.846,47105592.36,50779049.21
2017,EBS,35,3853348.429,46253929.53,50107277.96
2017,EBS,36,4757779.532,53459820.2,58217599.73
2017,EBS,37,5918904.728,62255447.06,68174351.79
2017,EBS,38,9235104.145,90926532.72,100161636.9
2017,EBS,39,10931995.88,100753726.8,111685722.7
2017,EBS,40,20474430.05,176638882.1,197113312.2
2017,EBS,41,23283208.77,188031298.4,211314507.2
2017,EBS,42,21407533.71,161832884.8,183240418.5
2017,EBS,43,19147898.54,135498373.9,154646272.4
2017,EBS,44,22233536.17,147276798,169510334.2
2017,EBS,45,20567732.8,127533723.8,148101456.6
2017,EBS,46,20080288.46,116552446.1,136632734.6
2017,EBS,47,20748445.81,112732682.9,133481128.7
2017,EBS,48,19119360.28,97241232.68,116360593
2017,EBS,49,18352420.66,87374213.67,105726634.3
2017,EBS,50,14846098.21,66162983.49,81009081.7
2017,EBS,51,15426317.68,64354341.18,79780658.86
2017,EBS,52,15378022.17,60052195.15,75430217.32
2017,EBS,53,17700840.52,64704594.57,82405435.09
2017,EBS,54,14764811.2,50522165.33,65286976.53
2017,EBS,55,17604935.24,56389898.9,73994834.14
2017,EBS,56,18819083.61,56425859.42,75244943.03
2017,EBS,57,21050668.63,59082441.27,80133109.9
2017,EBS,58,15294254.3,40182196.27,55476450.57
2017,EBS,59,17166312.94,42217762.81,59384075.75
2017,EBS,60,16644391.05,38317655.42,54962046.47
2017,EBS,61,13983875.85,30135014.37,44118890.22
2017,EBS,62,18362211.16,37040909.97,55403121.13
2017,EBS,63,16768271.91,31663418.71,48431690.62
2017,EBS,64,13444750.08,23764848.86,37209598.94
2017,EBS,65,9436018.168,15612912.21,25048930.38
2017,EBS,66,12388547.98,19187941.39,31576489.37
2017,EBS,67,9127501.097,13233438.28,22360939.38
2017,EBS,68,10015027.6,13592075.55,23607103.15
2017,EBS,69,7823938.431,9939668.028,17763606.46
2017,EBS,70,6381051.243,7588422.697,13969473.94
2017,EBS,71,10309873.62,11476922.54,21786796.16
2017,EBS,72,8603682.887,8965392.964,17569075.85
2017,EBS,73,7442720.918,7259880.9,14702601.82
2017,EBS,74,7632537.256,6969145.328,14601682.58
2017,EBS,75,8216578.178,7022866.396,15239444.57
2017,EBS,76,8872102.237,7098437.764,15970540
2017,EBS,77,6342303.155,4750026.852,11092330.01
2017,EBS,78,6990024.924,4900502.539,11890527.46
2017,EBS,79,5900571.537,3872298.258,9772869.795
2017,EBS,80,4870476.522,2991982.173,7862458.695
2017,EBS,81,4445219.816,2556192.849,7001412.665
2017,EBS,82,5735952.56,3087583.783,8823536.343
2017,EBS,83,4567634.788,2301534.02,6869168.808
2017,EBS,84,3183998.117,1501798.464,4685796.581
2017,EBS,85,3074559.136,1357483.41,4432042.546
2017,EBS,86,4262169.374,1761550.957,6023720.331
2017,EBS,87,2765551.332,1069939.096,3835490.428
2017,EBS,88,3980864.867,1441675.755,5422540.622
2017,EBS,89,2497187.569,846552.9949,3343740.564
2017,EBS,90,2711494.132,860447.7067,3571941.839
2017,EBS,91,1737331.608,516073.2637,2253404.872
2017,EBS,92,2364350.398,657435.7333,3021786.131
2017,EBS,93,1991412.177,518340.8668,2509753.044
2017,EBS,94,2083883.146,507738.9504,2591622.096
2017,EBS,95,2276497.099,519214.7797,2795711.879
2017,EBS,96,3246293.37,693075.4834,3939368.853
2017,EBS,97,2004187.751,400538.2553,2404726.006
2017,EBS,98,3197063.28,598094.2913,3795157.571
2017,EBS,99,2502522.921,438237.2758,2940760.197
2017,EBS,100,2650723.546,434518.7422,3085242.288
2017,EBS,101,2598682.423,398758.6466,2997441.07
2017,EBS,102,2279832.505,327470.8691,2607303.374
2017,EBS,103,2741788.517,368651.9289,3110440.446
2017,EBS,104,1881593.597,236821.5452,2118415.142
2017,EBS,105,2439033.438,287359.7683,2726393.206
2017,EBS,106,1911234.163,210782.6871,2122016.85
2017,EBS,107,1976793.678,204077.5383,2180871.216
2017,EBS,108,1614858.84,156056.2819,1770915.122
2017,EBS,109,1843114.394,166729.2541,2009843.648
2017,EBS,110,2138706.732,181102.1389,2319808.871
2017,EBS,111,1758386.996,139379.7345,1897766.731
2017,EBS,112,1178252.908,87425.17621,1265678.084
2017,EBS,113,1485933.288,103207.233,1589140.521
2017,EBS,114,1236945.347,80421.86877,1317367.216
2017,EBS,115,893870.8108,54401.54471,948272.3555
2017,EBS,116,1147146.573,65353.40417,1212499.977
2017,EBS,117,992058.8955,52905.3491,1044964.245
2017,EBS,118,878918.1769,43875.63364,922793.8105
2017,EBS,119,678229.441,31693.07803,709922.519
2017,EBS,120,757854.4542,33150.22007,791004.6743
2017,EBS,121,622999.6933,25509.46015,648509.1535
2017,EBS,122,313948.8284,12033.31064,325982.139
2017,EBS,123,421210.5439,15112.56988,436323.1138
2017,EBS,124,298647.9583,10030.24323,308678.2015
2017,EBS,125,355436.4895,11174.46532,366610.9548
2017,EBS,126,260424.5965,7664.07185,268088.6684
2017,EBS,127,187557.2753,5166.831625,192724.1069
2017,EBS,128,280490.9326,7233.059656,287723.9923
2017,EBS,129,185227.0848,4471.163371,189698.2482
2017,EBS,130,44153.24188,997.6804683,45150.92235
2017,EBS,131,72532.50146,1534.173072,74066.67453
2017,EBS,132,17911.17399,354.6325374,18265.80653
2017,EBS,133,26469.42318,490.5822497,26960.00543
2017,EBS,134,0,0,0
2017,EBS,135,28061.01096,455.7181437,28516.7291
2017,EBS,136,0,0,0
2017,EBS,137,0,0,0
2017,EBS,138,54269.10062,722.9097965,54992.01042
2017,EBS,139,0,0,0
2017,EBS,140,0,0,0
2017,EBS,141,0,0,0
2017,EBS,142,28413.11123,290.6039971,28703.71523
2017,EBS,143,0,0,0
2017,EBS,144,0,0,0
2017,EBS,145,0,0,0
2017,EBS,146,0,0,0
2017,EBS,147,0,0,0
2017,EBS,148,0,0,0
2017,EBS,149,0,0,0
2017,EBS,150,0,0,0
2017,EBS,151,0,0,0
2017,EBS,152,0,0,0
2017,EBS,153,30361.44347,150.1572476,30511.60072
2017,EBS,154,0,0,0
2017,EBS,155,0,0,0
2017,EBS,156,0,0,0
2017,EBS,157,0,0,0
2017,EBS,158,0,0,0
2017,EBS,159,0,0,0
2017,EBS,160,0,0,0
2017,EBS,161,0,0,0
2017,EBS,162,0,0,0
2017,EBS,163,0,0,0
2017,EBS,164,0,0,0
2017,EBS,165,0,0,0
2017,EBS,166,0,0,0
2017,EBS,167,0,0,0
2017,EBS,168,0,0,0
2017,EBS,169,0,0,0
2017,EBS,170,0,0,0
2017,EBS,171,0,0,0
2017,EBS,172,0,0,0
2017,EBS,173,0,0,0
2017,EBS,174,0,0,0
2017,EBS,175,0,0,0
2017,EBS,176,0,0,0
2017,EBS,177,0,0,0
2017,EBS,178,0,0,0
2017,EBS,179,0,0,0
2017,EBS,180,0,0,0
2017,EBS,181,0,0,0
2017,EBS,182,0,0,0
2017,EBS,183,0,0,0
2017,EBS,184,0,0,0
2017,EBS,185,0,0,0
2017,EBS,186,0,0,0
2017,EBS,187,0,0,0
2017,EBS,188,0,0,0
2017,EBS,189,0,0,0
2017,EBS,190,0,0,0
2017,EBS,191,0,0,0
2017,EBS,192,0,0,0
2017,EBS,193,0,0,0
2017,EBS,194,0,0,0
2017,EBS,195,0,0,0
2017,EBS,196,0,0,0
2017,EBS,197,0,0,0
2017,EBS,198,0,0,0
2017,EBS,199,0,0,0
2017,EBS,200,0,0,0
2017,EBS,201,0,0,0
2017,EBS,202,0,0,0
2017,EBS,203,0,0,0
2017,EBS,204,0,0,0
2017,EBS,205,0,0,0
2017,EBS,206,0,0,0
2017,EBS,207,0,0,0
2017,EBS,208,0,0,0
2017,EBS,209,0,0,0
2017,EBS,210,0,0,0
2017,EBS,211,0,0,0
2017,EBS,212,0,0,0
2017,EBS,213,0,0,0
2017,EBS,214,0,0,0
2017,EBS,215,0,0,0
2017,EBS,216,0,0,0
2017,EBS,217,0,0,0
2017,EBS,218,0,0,0
2017,EBS,219,0,0,0
2017,EBS,220,0,0,0
2017,EBS,221,0,0,0
2017,EBS,222,0,0,0
2017,EBS,223,0,0,0
2017,EBS,224,0,0,0
2017,EBS,225,0,0,0
2017,EBS,226,0,0,0
2017,EBS,227,0,0,0
2017,EBS,228,0,0,0
2017,EBS,229,0,0,0
2017,EBS,230,0,0,0
2017,EBS,231,0,0,0
2017,EBS,232,0,0,0
2017,EBS,233,0,0,0
2017,EBS,234,0,0,0
2017,EBS,235,0,0,0
2017,EBS,236,0,0,0
2017,EBS,237,0,0,0
2017,EBS,238,0,0,0
2017,EBS,239,0,0,0
2017,EBS,240,0,0,0
2017,EBS,241,0,0,0
2017,EBS,242,0,0,0
2017,EBS,243,0,0,0
2017,EBS,244,0,0,0
2017,EBS,245,0,0,0
2017,EBS,246,0,0,0
2017,EBS,247,0,0,0
2017,EBS,248,0,0,0
2017,EBS,249,0,0,0
2017,EBS,250,0,0,0
2019,EBS,0,0,0,0
2019,EBS,1,0,0,0
2019,EBS,2,0,0,0
2019,EBS,3,0,0,0
2019,EBS,4,0,0,0
2019,EBS,5,0,0,0
2019,EBS,6,0,0,0
2019,EBS,7,0,0,0
2019,EBS,8,0,0,0
2019,EBS,9,0,0,0
2019,EBS,10,0,18848.98074,18848.98074
2019,EBS,11,0,148032.6082,148032.6082
2019,EBS,12,0,16882.22199,16882.22199
2019,EBS,13,0,0,0
2019,EBS,14,0,0,0
2019,EBS,15,0,0,0
2019,EBS,16,0,16882.22199,16882.22199
2019,EBS,17,0,0,0
2019,EBS,18,0,0,0
2019,EBS,19,0,29802.62631,29802.62631
2019,EBS,20,0,0,0
2019,EBS,21,0,0,0
2019,EBS,22,0,63854.43925,63854.43925
2019,EBS,23,0,29802.62631,29802.62631
2019,EBS,24,0,46661.65821,46661.65821
2019,EBS,25,0,0,0
2019,EBS,26,0,88130.76857,88130.76857
2019,EBS,27,0,193084.3416,193084.3416
2019,EBS,28,0,170751.4667,170751.4667
2019,EBS,29,0,199405.902,199405.902
2019,EBS,30,0,201735.6188,201735.6188
2019,EBS,31,11334.26957,101635.683,112969.9526
2019,EBS,32,3060.014948,25806.42446,28866.43941
2019,EBS,33,10938.64685,86759.99237,97698.63922
2019,EBS,34,7578.667533,56532.78418,64111.45171
2019,EBS,35,5821.422328,40840.23588,46661.65821
2019,EBS,36,2618.339968,17275.745,19894.08497
2019,EBS,37,11985.40838,74372.98318,86358.39156
2019,EBS,38,15233.78731,88904.11612,104137.9034
2019,EBS,39,114053.4033,625999.2965,740052.6998
2019,EBS,40,450441.2253,2325173.384,2775614.609
2019,EBS,41,265958.0796,1291165.804,1557123.884
2019,EBS,42,605347.9298,2763920.227,3369268.157
2019,EBS,43,918304.0434,3943288.523,4861592.566
2019,EBS,44,649619.7385,2623510.979,3273130.718
2019,EBS,45,1410491.596,5357297.843,6767789.439
2019,EBS,46,3866460.911,13811489.84,17677950.75
2019,EBS,47,3819835.626,12832852.27,16652687.9
2019,EBS,48,4785120.434,15118997.95,19904118.38
2019,EBS,49,9192576.62,27316119.83,36508696.45
2019,EBS,50,9886693.688,27630226.51,37516920.2
2019,EBS,51,7110895.211,18689998.24,25800893.45
2019,EBS,52,9706228.969,23993142.27,33699371.24
2019,EBS,53,10843468.3,25209046.94,36052515.24
2019,EBS,54,15876014.33,34712133.75,50588148.08
2019,EBS,55,12056740.73,24792559.57,36849300.3
2019,EBS,56,16177475.57,31286271.63,47463747.2
2019,EBS,57,17709937.02,32211555.04,49921492.06
2019,EBS,58,16622690.68,28434632.1,45057322.78
2019,EBS,59,16689456.04,26849740.18,43539196.22
2019,EBS,60,20897978.34,31619412.45,52517390.79
2019,EBS,61,25145779.43,35782134.03,60927913.46
2019,EBS,62,25328166.69,33896628.81,59224795.5
2019,EBS,63,19935608.34,25091918.03,45027526.37
2019,EBS,64,28073929.05,33232206.72,61306135.77
2019,EBS,65,28951307.36,32231148.28,61182455.64
2019,EBS,66,28144791.05,29468446.56,57613237.61
2019,EBS,67,30672872.94,30204057.24,60876930.18
2019,EBS,68,27112553.07,25109199.06,52221752.13
2019,EBS,69,26755275.84,23303625.53,50058901.37
2019,EBS,70,37028050.78,30331684.23,67359735.01
2019,EBS,71,32340251.51,24914988.1,57255239.61
2019,EBS,72,31484764.93,22812315.09,54297080.02
2019,EBS,73,32485350.57,22136455.35,54621805.92
2019,EBS,74,32417679.44,20775623.24,53193302.68
2019,EBS,75,37454255.46,22574852.48,60029107.94
2019,EBS,76,35064465.22,19876622.43,54941087.65
2019,EBS,77,27112248.46,14454148.74,41566397.2
2019,EBS,78,37255662.81,18679742.86,55935405.67
2019,EBS,79,27158783.4,12806797.01,39965580.41
2019,EBS,80,38315307.34,16992377.34,55307684.68
2019,EBS,81,25719001.74,10727229.04,36446230.78
2019,EBS,82,20754101.25,8141210.65,28895311.9
2019,EBS,83,25341740.19,9349171.156,34690911.35
2019,EBS,84,23162186.15,8036516.477,31198702.63
2019,EBS,85,25358050.02,8274766.767,33632816.79
2019,EBS,86,18063923.98,5543749.778,23607673.76
2019,EBS,87,17991566.29,5192925.734,23184492.02
2019,EBS,88,19507371.18,5295335.746,24802706.93
2019,EBS,89,13387113.69,3417695.139,16804808.83
2019,EBS,90,16841916.95,4043798.494,20885715.44
2019,EBS,91,16079355.52,3630933.022,19710288.54
2019,EBS,92,15360671.97,3262206.361,18622878.33
2019,EBS,93,12420549.35,2480810.753,14901360.1
2019,EBS,94,10830708.56,2034516.967,12865225.53
2019,EBS,95,11351904.06,2005509.733,13357413.79
2019,EBS,96,9390957.471,1560333.925,10951291.4
2019,EBS,97,8060927.73,1259633.843,9320561.573
2019,EBS,98,7891306.54,1159737.826,9051044.366
2019,EBS,99,7898657.533,1091731.416,8990388.949
2019,EBS,100,7041946.066,915391.4121,7957337.478
2019,EBS,101,5661908.763,692195.2606,6354104.024
2019,EBS,102,5564926.807,639848.0147,6204774.822
2019,EBS,103,5147132.218,556588.6039,5703720.822
2019,EBS,104,6625687.493,673831.8721,7299519.365
2019,EBS,105,3943164.202,377152.5765,4320316.779
2019,EBS,106,3346074.083,300995.0712,3647069.154
2019,EBS,107,3621696.488,306399.1099,3928095.598
2019,EBS,108,3006947.136,239250.501,3246197.637
2019,EBS,109,2512584.034,188017.933,2700601.967
2019,EBS,110,1405776.216,98934.20881,1504710.425
2019,EBS,111,2568461.055,170002.3381,2738463.393
2019,EBS,112,1687986.997,105075.7797,1793062.777
2019,EBS,113,1280475.622,74964.63913,1355440.261
2019,EBS,114,1279213.916,70433.60715,1349647.523
2019,EBS,115,1067918.585,55300.1763,1123218.761
2019,EBS,116,1137685.24,55406.67774,1193091.918
2019,EBS,117,1137483.603,52099.88289,1189583.486
2019,EBS,118,431525.3995,18588.72407,450114.1236
2019,EBS,119,493298.2013,19985.00977,513283.2111
2019,EBS,120,465479.1895,17735.634,483214.8235
2019,EBS,121,529176.9989,18962.64972,548139.6486
2019,EBS,122,384455.9946,12956.75707,397412.7517
2019,EBS,123,184877.2266,5859.82589,190737.0525
2019,EBS,124,339065.475,10107.33082,349172.8058
2019,EBS,125,313805.728,8797.623907,322603.3519
2019,EBS,126,199298.4472,5254.846764,204553.294
2019,EBS,127,428526.2068,10626.37513,439152.5819
2019,EBS,128,112324.2371,2619.587139,114943.8242
2019,EBS,129,101858.5713,2234.130656,104092.702
2019,EBS,130,74441.92753,1535.607458,75977.53499
2019,EBS,131,0,0,0
2019,EBS,132,25595.14549,467.0070495,26062.15254
2019,EBS,133,84682.8558,1453.15836,86136.01416
2019,EBS,134,26875.21081,433.7314802,27308.94229
2019,EBS,135,16284.21111,247.165246,16531.37636
2019,EBS,136,30132.80549,430.1420137,30562.9475
2019,EBS,137,26866.57864,360.6918051,27227.27045
2019,EBS,138,0,0,0
2019,EBS,139,0,0,0
2019,EBS,140,0,0,0
2019,EBS,141,0,0,0
2019,EBS,142,0,0,0
2019,EBS,143,0,0,0
2019,EBS,144,0,0,0
2019,EBS,145,0,0,0
2019,EBS,146,0,0,0
2019,EBS,147,0,0,0
2019,EBS,148,0,0,0
2019,EBS,149,0,0,0
2019,EBS,150,0,0,0
2019,EBS,151,0,0,0
2019,EBS,152,0,0,0
2019,EBS,153,0,0,0
2019,EBS,154,0,0,0
2019,EBS,155,0,0,0
2019,EBS,156,0,0,0
2019,EBS,157,0,0,0
2019,EBS,158,0,0,0
2019,EBS,159,0,0,0
2019,EBS,160,0,0,0
2019,EBS,161,0,0,0
2019,EBS,162,0,0,0
2019,EBS,163,0,0,0
2019,EBS,164,0,0,0
2019,EBS,165,0,0,0
2019,EBS,166,0,0,0
2019,EBS,167,0,0,0
2019,EBS,168,0,0,0
2019,EBS,169,0,0,0
2019,EBS,170,0,0,0
2019,EBS,171,0,0,0
2019,EBS,172,0,0,0
2019,EBS,173,0,0,0
2019,EBS,174,0,0,0
2019,EBS,175,0,0,0
2019,EBS,176,0,0,0
2019,EBS,177,0,0,0
2019,EBS,178,0,0,0
2019,EBS,179,0,0,0
2019,EBS,180,0,0,0
2019,EBS,181,0,0,0
2019,EBS,182,0,0,0
2019,EBS,183,0,0,0
2019,EBS,184,0,0,0
2019,EBS,185,0,0,0
2019,EBS,186,0,0,0
2019,EBS,187,0,0,0
2019,EBS,188,0,0,0
2019,EBS,189,0,0,0
2019,EBS,190,0,0,0
2019,EBS,191,0,0,0
2019,EBS,192,0,0,0
2019,EBS,193,0,0,0
2019,EBS,194,0,0,0
2019,EBS,195,0,0,0
2019,EBS,196,0,0,0
2019,EBS,197,0,0,0
2019,EBS,198,0,0,0
2019,EBS,199,0,0,0
2019,EBS,200,0,0,0
2019,EBS,201,0,0,0
2019,EBS,202,0,0,0
2019,EBS,203,0,0,0
2019,EBS,204,0,0,0
2019,EBS,205,0,0,0
2019,EBS,206,0,0,0
2019,EBS,207,0,0,0
2019,EBS,208,0,0,0
2019,EBS,209,0,0,0
2019,EBS,210,0,0,0
2019,EBS,211,0,0,0
2019,EBS,212,0,0,0
2019,EBS,213,0,0,0
2019,EBS,214,0,0,0
2019,EBS,215,0,0,0
2019,EBS,216,0,0,0
2019,EBS,217,0,0,0
2019,EBS,218,0,0,0
2019,EBS,219,0,0,0
2019,EBS,220,0,0,0
2019,EBS,221,0,0,0
2019,EBS,222,0,0,0
2019,EBS,223,0,0,0
2019,EBS,224,0,0,0
2019,EBS,225,0,0,0
2019,EBS,226,0,0,0
2019,EBS,227,0,0,0
2019,EBS,228,0,0,0
2019,EBS,229,0,0,0
2019,EBS,230,0,0,0
2019,EBS,231,0,0,0
2019,EBS,232,0,0,0
2019,EBS,233,0,0,0
2019,EBS,234,0,0,0
2019,EBS,235,0,0,0
2019,EBS,236,0,0,0
2019,EBS,237,0,0,0
2019,EBS,238,0,0,0
2019,EBS,239,0,0,0
2019,EBS,240,0,0,0
2019,EBS,241,0,0,0
2019,EBS,242,0,0,0
2019,EBS,243,0,0,0
2019,EBS,244,0,0,0
2019,EBS,245,0,0,0
2019,EBS,246,0,0,0
2019,EBS,247,0,0,0
2019,EBS,248,0,0,0
2019,EBS,249,0,0,0
2019,EBS,250,0,0,0
2018,EBS,0,0,0,0
2018,EBS,1,0,0,0
2018,EBS,2,0,0,0
2018,EBS,3,0,0,0
2018,EBS,4,0,0,0
2018,EBS,5,0,0,0
2018,EBS,6,0,0,0
2018,EBS,7,0,48516.64122,48516.64122
2018,EBS,8,0,264251.6117,264251.6117
2018,EBS,9,0,0,0
2018,EBS,10,0,143336.6618,143336.6618
2018,EBS,11,0,32204.27023,32204.27023
2018,EBS,12,0,0,0
2018,EBS,13,0,0,0
2018,EBS,14,0,18472.68575,18472.68575
2018,EBS,15,0,37376.16973,37376.16973
2018,EBS,16,0,57941.25179,57941.25179
2018,EBS,17,0,20430.9444,20430.9444
2018,EBS,18,0,17912.94501,17912.94501
2018,EBS,19,0,43055.63599,43055.63599
2018,EBS,20,0,249284.7488,249284.7488
2018,EBS,21,0,181657.4165,181657.4165
2018,EBS,22,0,391768.0556,391768.0556
2018,EBS,23,0,417126.1455,417126.1455
2018,EBS,24,0,1103068.216,1103068.216
2018,EBS,25,0,1492069.555,1492069.555
2018,EBS,26,0,2135417.22,2135417.22
2018,EBS,27,0,3271085.908,3271085.908
2018,EBS,28,0,4983856.016,4983856.016
2018,EBS,29,0,3995519.93,3995519.93
2018,EBS,30,0,3967832.415,3967832.415
2018,EBS,31,108557.9025,2021607.93,2130165.833
2018,EBS,32,121667.5643,2096281.974,2217949.538
2018,EBS,33,133897.0044,2134445.863,2268342.867
2018,EBS,34,209422.5302,3088709.634,3298132.164
2018,EBS,35,642295.2766,8764513.326,9406808.603
2018,EBS,36,1111554.192,14033406.82,15144961.01
2018,EBS,37,3043959.367,35555821.93,38599781.3
2018,EBS,38,3887636.981,42014284.64,45901921.62
2018,EBS,39,5175241.669,51746538.14,56921779.81
2018,EBS,40,7283958.92,67384118.38,74668077.3
2018,EBS,41,12127547.81,103801219.4,115928767.2
2018,EBS,42,14062163.4,111357890.9,125420054.3
2018,EBS,43,18858471.64,138170314.8,157028786.4
2018,EBS,44,17805087.76,120695692.2,138500780
2018,EBS,45,21625925.2,135631868.5,157257793.7
2018,EBS,46,23721220.62,137645962.8,161367183.4
2018,EBS,47,27558767.05,147953630.4,175512397.5
2018,EBS,48,32792927.88,162886628.2,195679556.1
2018,EBS,49,35830433.36,164663255.5,200493688.9
2018,EBS,50,42882953.89,182334448.1,225217402
2018,EBS,51,48119942.46,189299091.7,237419034.2
2018,EBS,52,55604313.34,202381732.7,257986046
2018,EBS,53,59121897.94,199090525.3,258212423.2
2018,EBS,54,65351971.34,203610567.6,268962538.9
2018,EBS,55,57705921.72,166341801.8,224047723.5
2018,EBS,56,51585476.21,137577641.6,189163117.8
2018,EBS,57,60936612.78,150362010.2,211298623
2018,EBS,58,63068010.41,143982046.1,207050056.5
2018,EBS,59,62108854.79,131187401.2,193296256
2018,EBS,60,56836997.71,111073161.6,167910159.3
2018,EBS,61,51593655.24,93285404.47,144879059.7
2018,EBS,62,55423575.42,92715285.02,148138860.4
2018,EBS,63,49510455.37,76628992.68,126139448.1
2018,EBS,64,39403333.41,56424608.75,95827942.16
2018,EBS,65,40020387.39,53022021.1,93042408.49
2018,EBS,66,40873811.06,50102514.24,90976325.3
2018,EBS,67,30253373.04,34310542.64,64563915.68
2018,EBS,68,36997038.52,38820412.25,75817450.77
2018,EBS,69,38048661.62,36937879.76,74986541.38
2018,EBS,70,28191494.02,25321537.23,53513031.25
2018,EBS,71,25380005.01,21091286.73,46471291.74
2018,EBS,72,28535542.38,21940014.05,50475556.43
2018,EBS,73,32085453.42,22824346.28,54909799.7
2018,EBS,74,28228501.91,18578788.65,46807290.56
2018,EBS,75,31525292.28,19196766.51,50722058.79
2018,EBS,76,21664313.82,12205435.95,33869749.77
2018,EBS,77,28635132.52,14926120.81,43561253.33
2018,EBS,78,22626648.94,10912076.22,33538725.16
2018,EBS,79,18637380.17,8315941.266,26953321.44
2018,EBS,80,23304225.49,9620565.929,32924791.42
2018,EBS,81,22450022.22,8574762.866,31024785.09
2018,EBS,82,19603662.22,6927586.405,26531248.63
2018,EBS,83,19422918.9,6350364.217,25773283.12
2018,EBS,84,18969485.93,5738245.126,24707731.06
2018,EBS,85,11220228.66,3140253.002,14360481.66
2018,EBS,86,11941383.27,3092124.462,15033507.73
2018,EBS,87,13776750.56,3300566.757,17077317.32
2018,EBS,88,16411340.75,3637685.809,20049026.56
2018,EBS,89,9756484.331,2000846.959,11757331.29
2018,EBS,90,10005651.48,1898476.774,11904128.25
2018,EBS,91,10156109.59,1782898.801,11939008.39
2018,EBS,92,8280255.906,1344876.703,9625132.609
2018,EBS,93,11956861.11,1796781.606,13753642.72
2018,EBS,94,8974569.396,1247760.191,10222329.59
2018,EBS,95,6717383.287,864086.1259,7581469.413
2018,EBS,96,7474352.759,889549.0303,8363901.789
2018,EBS,97,6369124.849,701318.7642,7070443.613
2018,EBS,98,6958182.075,708876.9951,7667059.07
2018,EBS,99,6552121.816,617584.5944,7169706.41
2018,EBS,100,6179458.621,538895.2015,6718353.823
2018,EBS,101,6107778.311,492806.6397,6600584.951
2018,EBS,102,5562004.246,415206.3609,5977210.607
2018,EBS,103,4924460.731,340118.8938,5264579.625
2018,EBS,104,4504077.547,287817.5921,4791895.139
2018,EBS,105,4440569.256,262536.3973,4703105.653
2018,EBS,106,3110683.422,170155.5367,3280838.959
2018,EBS,107,2930074.363,148288.7861,3078363.149
2018,EBS,108,2804215.41,131304.7497,2935520.16
2018,EBS,109,2305229.353,99867.1377,2405096.491
2018,EBS,110,2184606.405,87563.08647,2272169.491
2018,EBS,111,1875029.535,69533.70473,1944563.24
2018,EBS,112,1632402.856,56008.50739,1688411.363
2018,EBS,113,1440631.222,45731.8608,1486363.083
2018,EBS,114,1320514.145,38783.63445,1359297.779
2018,EBS,115,1192414.652,32402.02467,1224816.677
2018,EBS,116,1122817.891,28228.87465,1151046.766
2018,EBS,117,887696.7066,20648.48759,908345.1942
2018,EBS,118,658546.7259,14172.60328,672719.3292
2018,EBS,119,312768.1236,6227.660331,318995.7839
2018,EBS,120,488695.3624,9002.850687,497698.2131
2018,EBS,121,458580.1068,7816.213938,466396.3207
2018,EBS,122,630008.2658,9934.977123,639943.2429
2018,EBS,123,391929.0308,5718.306826,397647.3376
2018,EBS,124,203877.5238,2752.128884,206629.6527
2018,EBS,125,149805.6598,1870.970918,151676.6307
2018,EBS,126,390926.2727,4517.23902,395443.5117
2018,EBS,127,245378.3735,2623.335841,248001.7093
2018,EBS,128,256130.3314,2533.483137,258663.8145
2018,EBS,129,148693.3819,1360.780392,150054.1623
2018,EBS,130,174529.1707,1477.759724,176006.9304
2018,EBS,131,84484.96719,661.8424781,85146.80967
2018,EBS,132,86642.63978,627.9806622,87270.62044
2018,EBS,133,25785.32782,172.9126031,25958.24042
2018,EBS,134,0,0,0
2018,EBS,135,69482.01655,398.8459627,69880.86251
2018,EBS,136,0,0,0
2018,EBS,137,27434.3058,134.8048618,27569.11066
2018,EBS,138,0,0,0
2018,EBS,139,31423.64944,132.1742928,31555.82373
2018,EBS,140,28300.99356,110.1365464,28411.13011
2018,EBS,141,0,0,0
2018,EBS,142,0,0,0
2018,EBS,143,0,0,0
2018,EBS,144,0,0,0
2018,EBS,145,0,0,0
2018,EBS,146,0,0,0
2018,EBS,147,0,0,0
2018,EBS,148,0,0,0
2018,EBS,149,0,0,0
2018,EBS,150,0,0,0
2018,EBS,151,0,0,0
2018,EBS,152,0,0,0
2018,EBS,153,0,0,0
2018,EBS,154,0,0,0
2018,EBS,155,0,0,0
2018,EBS,156,0,0,0
2018,EBS,157,0,0,0
2018,EBS,158,0,0,0
2018,EBS,159,0,0,0
2018,EBS,160,0,0,0
2018,EBS,161,0,0,0
2018,EBS,162,0,0,0
2018,EBS,163,0,0,0
2018,EBS,164,0,0,0
2018,EBS,165,0,0,0
2018,EBS,166,0,0,0
2018,EBS,167,0,0,0
2018,EBS,168,0,0,0
2018,EBS,169,0,0,0
2018,EBS,170,0,0,0
2018,EBS,171,0,0,0
2018,EBS,172,0,0,0
2018,EBS,173,0,0,0
2018,EBS,174,0,0,0
2018,EBS,175,0,0,0
2018,EBS,176,0,0,0
2018,EBS,177,0,0,0
2018,EBS,178,0,0,0
2018,EBS,179,0,0,0
2018,EBS,180,0,0,0
2018,EBS,181,0,0,0
2018,EBS,182,0,0,0
2018,EBS,183,0,0,0
2018,EBS,184,0,0,0
2018,EBS,185,0,0,0
2018,EBS,186,0,0,0
2018,EBS,187,0,0,0
2018,EBS,188,0,0,0
2018,EBS,189,0,0,0
2018,EBS,190,0,0,0
2018,EBS,191,0,0,0
2018,EBS,192,0,0,0
2018,EBS,193,0,0,0
2018,EBS,194,0,0,0
2018,EBS,195,0,0,0
2018,EBS,196,0,0,0
2018,EBS,197,0,0,0
2018,EBS,198,0,0,0
2018,EBS,199,0,0,0
2018,EBS,200,0,0,0
2018,EBS,201,0,0,0
2018,EBS,202,0,0,0
2018,EBS,203,0,0,0
2018,EBS,204,0,0,0
2018,EBS,205,0,0,0
2018,EBS,206,0,0,0
2018,EBS,207,0,0,0
2018,EBS,208,0,0,0
2018,EBS,209,0,0,0
2018,EBS,210,0,0,0
2018,EBS,211,0,0,0
2018,EBS,212,0,0,0
2018,EBS,213,0,0,0
2018,EBS,214,0,0,0
2018,EBS,215,0,0,0
2018,EBS,216,0,0,0
2018,EBS,217,0,0,0
2018,EBS,218,0,0,0
2018,EBS,219,0,0,0
2018,EBS,220,0,0,0
2018,EBS,221,0,0,0
2018,EBS,222,0,0,0
2018,EBS,223,0,0,0
2018,EBS,224,0,0,0
2018,EBS,225,0,0,0
2018,EBS,226,0,0,0
2018,EBS,227,0,0,0
2018,EBS,228,0,0,0
2018,EBS,229,0,0,0
2018,EBS,230,0,0,0
2018,EBS,231,0,0,0
2018,EBS,232,0,0,0
2018,EBS,233,0,0,0
2018,EBS,234,0,0,0
2018,EBS,235,0,0,0
2018,EBS,236,0,0,0
2018,EBS,237,0,0,0
2018,EBS,238,0,0,0
2018,EBS,239,0,0,0
2018,EBS,240,0,0,0
2018,EBS,241,0,0,0
2018,EBS,242,0,0,0
2018,EBS,243,0,0,0
2018,EBS,244,0,0,0
2018,EBS,245,0,0,0
2018,EBS,246,0,0,0
2018,EBS,247,0,0,0
2018,EBS,248,0,0,0
2018,EBS,249,0,0,0
2018,EBS,250,0,0,0
