"CRUISEJOIN","HAULJOIN","REGION","SURVEY_YEAR","VESSEL","CRUISE","HAUL","HAUL_TYPE","PERFORMANCE","START_TIME","DURATION","DISTANCE_FISHED","NET_WIDTH","NET_MEASURED","NET_HEIGHT","STRATUM","START_LATITUDE","END_LATITUDE","START_LONGITUDE","END_LONGITUDE","MID_LATITUDE","MID_LONGITUDE","STATIONID","GIS_STATION","GEAR_DEPTH","BOTTOM_DEPTH","BOTTOM_TYPE","SURFACE_TEMPERATURE","GEAR_TEMPERATURE","WIRE_LENGTH","GEAR","ACCESSORIES","SUBSAMPLE"
-662,-7133,"BS",2010,94,201002,61,3,0,06-AUG-10,0.501,2.806,15.35,"Y",2.536,71,63.98262,64.00502,-166.02893,-166.05527,63.99382,-166.0421,"BB-04","BB-04",21,24,"",11.9,2.1,137,"44","15","1"
-662,-7134,"BS",2010,94,201002,62,3,0,06-AUG-10,0.513,2.702,15.55,"Y",2.41,71,63.99078,64.00507,-165.33017,-165.28568,63.99793,-165.30793,"BB-05","BB-05",16,18,"",12.2,8.1,137,"44","15","1"
-662,-7135,"BS",2010,94,201002,63,3,0,06-AUG-10,0.523,2.944,15.479,"Y",2.385,71,64.00382,63.98673,-164.55712,-164.51132,63.99528,-164.53422,"BB-06","BB-06",16,18,"",14.2,6.4,137,"44","15","1"
-662,-7136,"BS",2010,94,201002,64,3,0,06-AUG-10,0.516,2.978,15.196,"Y",2.469,71,63.68882,63.66225,-164.55802,-164.55063,63.67554,-164.55433,"AA-06","AA-06",9,11,"",13,12,137,"44","15","1"
-662,-7137,"BS",2010,94,201002,65,3,0,07-AUG-10,0.512,2.846,15.684,"Y",2.646,71,64.00938,63.98392,-163.79893,-163.79313,63.99665,-163.79603,"BB-07","BB-07",17,20,"",15.2,5.7,137,"44","15","1"
-662,-7138,"BS",2010,94,201002,66,3,0,07-AUG-10,0.517,2.649,14.756,"Y",2.709,71,63.66763,63.66675,-163.85105,-163.79777,63.66719,-163.82441,"AA-07","AA-07",12,15,"",13.9,9.6,137,"44","15","1"
-662,-7139,"BS",2010,94,201002,67,3,0,07-AUG-10,0.531,2.899,15.353,"Y",2.533,71,63.65018,63.67628,-163.06477,-163.06457,63.66323,-163.06467,"AA-08","AA-08",12,15,"",14,8.3,137,"44","15","1"
-662,-7140,"BS",2010,94,201002,68,3,0,07-AUG-10,0.517,2.877,15.36,"Y",2.402,71,63.98847,64.01433,-163.04942,-163.0493,64.0014,-163.04936,"BB-08","BB-08",16,18,"",15.9,4.7,137,"44","15","1"
-662,-7141,"BS",2010,94,201002,69,3,0,07-AUG-10,0.518,2.874,14.891,"Y",2.593,71,64.01867,63.99302,-162.30207,-162.2943,64.00585,-162.29819,"BB-09","BB-09",15,18,"",17.7,4.9,137,"44","15","1"
-662,-7142,"BS",2010,94,201002,70,3,4.2,08-AUG-10,0.247,1.243,15.24,"Y",2.732,71,63.65247,63.66363,-161.56823,-161.56965,63.65805,-161.56894,"AA-10","AA-10",12,15,"",15.6,8.8,137,"44","15","1"
-662,-7143,"BS",2010,94,201002,71,3,0,08-AUG-10,0.521,2.848,15.68,"Y",2.34,71,63.97832,63.99978,-161.52122,-161.5528,63.98905,-161.53701,"BB-10","BB-10",16,18,"",16.7,3,137,"44","15","1"
-662,-7144,"BS",2010,94,201002,72,3,0,08-AUG-10,0.505,2.833,15.272,"Y",2.499,71,64.30037,64.3192,-161.53125,-161.57047,64.30979,-161.55086,"CC-10","CC-10",12,14,"",16.2,9.9,137,"44","15","1"
-662,-7145,"BS",2010,94,201002,73,3,4.1,08-AUG-10,0.504,2.765,15.979,"Y",2.536,71,64.34757,64.3269,-162.24343,-162.27508,64.33724,-162.25926,"CC-09","CC-09",16,19,"",15.9,3.9,137,"44","15","1"
-662,-7146,"BS",2010,94,201002,74,3,2.4,08-AUG-10,0.527,2.805,15.539,"Y",2.288,71,64.316,64.31382,-163.00065,-163.0583,64.31491,-163.02948,"CC-08","CC-08",12,14,"",15,12.3,137,"44","15","1"
-662,-7147,"BS",2010,94,201002,75,3,5.5,08-AUG-10,0.51,2.864,16.32,"Y",2.299,71,64.32538,64.34137,-163.7621,-163.80838,64.33338,-163.78524,"CC-07","CC-07",15,17,"",15.2,7.2,137,"44","15","1"
-662,-7148,"BS",2010,94,201002,76,3,0,09-AUG-10,0.518,2.999,15.369,"Y",2.449,71,64.31973,64.3328,-164.49707,-164.55117,64.32627,-164.52412,"CC-06","CC-06",13,15,"",12.3,10.4,137,"44","15","1"
-662,-7149,"BS",2010,94,201002,77,3,0,09-AUG-10,0.496,2.785,15.8,"Y",2.348,71,64.3209,64.3272,-165.28733,-165.34293,64.32405,-165.31513,"CC-05","CC-05",22,24,"",11.5,7.1,137,"44","15","1"
-662,-7150,"BS",2010,94,201002,78,3,0,09-AUG-10,0.508,2.752,15.729,"Y",2.54,71,64.32988,64.3336,-166.01243,-166.0685,64.33174,-166.04047,"CC-04","CC-04",20,23,"",12.4,6.6,137,"44","15","1"
-662,-7151,"BS",2010,94,201002,79,3,0,10-AUG-10,0.505,2.746,15.249,"Y",2.614,70,62.67933,62.65622,-166.72703,-166.74587,62.66778,-166.73645,"X-03","X-03",23,26,"",9.8,6.8,137,"44","15","1"
-662,-7152,"BS",2010,94,201002,81,3,0,10-AUG-10,0.538,3.136,15.53,"Y",2.421,70,62.34858,62.32063,-166.7234,-166.71542,62.33461,-166.71941,"W-03","W-03",19,21,"",9.3,8.7,137,"44","15","1"
-662,-7153,"BS",2010,94,201002,82,3,0,10-AUG-10,0.509,2.81,16.071,"Y",2.315,70,62.02592,62.00097,-166.6954,-166.70402,62.01345,-166.69971,"V-03","V-03",19,21,"",10,8.7,137,"44","15","1"
-660,-7154,"BS",2010,162,201002,1,3,0,04-AUG-10,0.513,2.754,17.457,"Y",2.305,81,62.31255,62.33713,-175.27057,-175.27733,62.32484,-175.27395,"W-27","W-27",76,78,"",9.2,-1.4,274,"44","15","1"
-660,-7155,"BS",2010,162,201002,2,3,0,05-AUG-10,0.509,2.772,17.082,"Y",2.419,81,62.32582,62.33942,-173.81928,-173.8639,62.33262,-173.84159,"W-25","W-25",61,63,"",8.8,-1.5,229,"44","15","1"
-660,-7156,"BS",2010,162,201002,3,3,0,05-AUG-10,0.501,2.767,17.249,"Y",2.4,81,62.32398,62.33617,-174.53585,-174.58218,62.33008,-174.55902,"W-26","W-26",68,70,"",9.1,-1.4,229,"44","15","1"
-660,-7157,"BS",2010,162,201002,4,3,0,05-AUG-10,0.497,2.676,18.84,"Y",2.187,81,62.65517,62.67922,-174.63522,-174.63653,62.6672,-174.63588,"X-26","X-26",71,73,"",9,-1.5,229,"44","15","6"
-660,-7158,"BS",2010,162,201002,5,3,0,05-AUG-10,0.503,2.709,18.44,"Y",2.2,81,62.66702,62.66693,-173.93643,-173.88373,62.66698,-173.91008,"X-25","X-25",67,69,"",9,-1.6,229,"44","15","6"
-660,-7159,"BS",2010,162,201002,6,3,0,05-AUG-10,0.51,2.749,19.418,"Y",2.2,81,62.98033,63.00435,-173.99422,-174.00683,62.99234,-174.00053,"Y-25","Y-25",72,74,"",8.8,-1.6,274,"44","15","6"
-660,-7160,"BS",2010,162,201002,7,3,0,06-AUG-10,0.693,3.764,19.667,"Y",2.2,81,62.98117,63.01503,-173.23185,-173.23307,62.9981,-173.23246,"Y-24","Y-24",66,68,"",8.6,-0.9,229,"44","15","6"
-660,-7161,"BS",2010,162,201002,8,3,0,06-AUG-10,0.502,2.725,17.005,"Y",2.2,81,63.33627,63.33493,-173.43953,-173.38537,63.3356,-173.41245,"ZZ-24","ZZ-24",68,70,"",8.8,-0.2,229,"44","15","1"
-660,-7162,"BS",2010,162,201002,9,3,0,06-AUG-10,0.509,2.773,17.56,"Y",1.087,81,63.34127,63.31657,-172.6869,-172.6943,63.32892,-172.6906,"ZZ-23","ZZ-23",62,63,"",8.9,0.2,229,"44","15","1"
-660,-7163,"BS",2010,162,201002,10,3,0,06-AUG-10,0.514,2.829,18.53,"N",1.085,81,63.01703,62.9916,-172.60907,-172.60592,63.00432,-172.6075,"Y-23","Y-23",59,60,"",9.4,-1.2,229,"44","15","1"
-660,-7164,"BS",2010,162,201002,11,3,0,06-AUG-10,0.498,2.727,16.823,"Y",1.348,81,62.68162,62.65707,-172.45557,-172.45545,62.66935,-172.45551,"X-23","X-23",52,53,"",8.9,-1.2,183,"44","15","1"
-660,-7165,"BS",2010,162,201002,12,3,0,07-AUG-10,0.507,2.716,20.214,"Y",1.05,81,62.6812,62.6571,-173.17917,-173.18795,62.66915,-173.18356,"X-24","X-24",62,63,"",9.1,-1.6,229,"44","15","6"
-660,-7166,"BS",2010,162,201002,13,3,0,07-AUG-10,0.515,2.868,17.434,"Y",1.05,81,62.3416,62.31585,-173.15248,-173.15058,62.32873,-173.15153,"W-24","W-24",57,58,"",9,-1.5,229,"44","15","1"
-660,-7167,"BS",2010,162,201002,14,3,0,07-AUG-10,0.516,2.791,16.76,"Y",1.527,81,62.01412,61.9891,-173.0444,-173.04018,62.00161,-173.04229,"V-24","V-24",56,58,"",9.4,-1.4,229,"44","15","1"
-660,-7168,"BS",2010,162,201002,15,3,0,07-AUG-10,0.503,2.714,20.52,"Y",1.206,81,61.6815,61.65757,-173.08012,-173.09032,61.66954,-173.08522,"U-24","U-24",64,65,"",9.4,-1.3,229,"44","15","1"
-660,-7169,"BS",2010,162,201002,16,3,0,07-AUG-10,0.501,2.712,20.029,"Y",1.139,81,61.34813,61.32638,-172.91573,-172.89282,61.33726,-172.90428,"T-24","T-24",67,68,"",9.8,-1.4,229,"44","15","1"
-660,-7170,"BS",2010,162,201002,17,3,0,08-AUG-10,0.509,2.776,18.847,"Y",1.109,81,61.6752,61.66238,-172.26853,-172.31342,61.66879,-172.29098,"U-23","U-23",59,60,"",9.3,-1.2,229,"44","15","1"
-660,-7171,"BS",2010,162,201002,18,3,0,08-AUG-10,0.514,2.81,19.793,"Y",1.129,81,61.33037,61.33042,-172.12403,-172.17633,61.3304,-172.15018,"T-23","T-23",60,61,"",9.2,-1.3,229,"44","15","1"
-661,-7185,"BS",2010,89,201002,14,3,0,02-AUG-10,0.497,2.735,14.837,"Y",2.85,70,61.01115,60.98722,-169.42953,-169.41828,60.99919,-169.42391,"S-19","S-19",39,42,"",9.5,-0.7,137,"44","15","2"
-661,-7203,"BS",2010,89,201002,32,3,1.12,05-AUG-10,0.212,1.199,17.261,"Y",2.05,70,63.3081,63.31865,-171.97583,-171.9795,63.31338,-171.97767,"ZZ-22","ZZ-22",59,61,"",9.1,0.1,229,"44","15","1"
-662,-7077,"BS",2010,94,201002,5,3,0,24-JUL-10,0.491,2.647,15.498,"Y",3.231,70,61.32565,61.34945,-168.06697,-168.06638,61.33755,-168.06668,"T-01","T-01",25,28,"",7.6,2.9,137,"44","15","1"
-662,-7085,"BS",2010,94,201002,13,3,0,26-JUL-10,0.509,2.865,15.409,"Y",2.97,70,62.6493,62.67497,-168.1882,-168.18307,62.66214,-168.18564,"X-01","X-01",30,33,"",7.7,-0.1,137,"44","15","1"
-662,-7103,"BS",2010,94,201002,31,3,0,30-JUL-10,0.525,2.875,16.068,"Y",3,71,64.30922,64.33373,-169.82915,-169.84795,64.32148,-169.83855,"CC-19","CC-19",35,38,"",2.5,1.3,183,"44","15","1"
-662,-7123,"BS",2010,94,201002,51,3,0,04-AUG-10,0.511,2.705,14.898,"Y",2.826,71,64.01647,64.04068,-167.56212,-167.56757,64.02858,-167.56485,"BB-02","BB-02",32,35,"",9.8,1.1,137,"44","15","1"
-717,-17066,"BS",2017,94,201702,1,3,0,01-AUG-17,0.519,2.686,16.648,"N",2.4,81,62.01701,61.99303,-173.08811,-173.08163,62.00502,-173.08487,"V-24","V-24",56,58,"",11,-1.5,229,"44","15","1"
-717,-17067,"BS",2017,94,201702,2,3,0,01-AUG-17,0.286,1.476,16.648,"N",2.268,81,61.67507,61.66185,-173.03695,-173.03473,61.66846,-173.03584,"U-24","U-24",63,65,"",10.6,-1.5,229,"44","15","1"
-717,-17068,"BS",2017,94,201702,3,3,0,01-AUG-17,0.339,1.79,17.711,"Y",2.102,81,61.34819,61.33251,-172.93787,-172.93026,61.34035,-172.93407,"T-24","T-24",66,68,"",11.5,-1.4,229,"44","15","1"
-717,-17069,"BS",2017,94,201702,4,3,0,01-AUG-17,0.513,2.863,18.668,"Y",2.025,81,61.33421,61.33712,-172.28472,-172.23174,61.33567,-172.25823,"T-23","T-23",62,64,"",11.8,-1.4,229,"44","15","1"
-717,-17070,"BS",2017,94,201702,5,3,0,02-AUG-17,0.517,2.735,17.116,"Y",2.245,81,61.64722,61.6718,-172.32744,-172.32492,61.65951,-172.32618,"U-23","U-23",59,61,"",10.5,-1.4,229,"44","15","1"
-717,-17071,"BS",2017,94,201702,6,3,0,02-AUG-17,0.505,2.825,15.73,"Y",2.509,81,61.98302,62.00844,-172.36485,-172.3647,61.99573,-172.36478,"V-23","V-23",52,55,"",10.1,-1.2,183,"44","15","1"
-717,-17072,"BS",2017,94,201702,7,3,0,02-AUG-17,0.508,2.727,15.731,"Y",2.419,70,61.99969,61.99145,-171.67626,-171.62739,61.99557,-171.65183,"V-22","V-22",49,51,"",11.2,-1.1,229,"44","15","1"
-717,-17073,"BS",2017,94,201702,8,3,0,02-AUG-17,0.505,2.734,16.165,"Y",2.325,81,61.68644,61.66185,-171.58939,-171.58729,61.67415,-171.58834,"U-22","U-22",53,55,"",11.2,-1.3,183,"44","15","1"
-717,-17074,"BS",2017,94,201702,9,3,0,02-AUG-17,0.506,2.761,16.389,"Y",2.473,81,61.34348,61.31892,-171.5155,-171.5077,61.3312,-171.5116,"T-22","T-22",53,55,"",11.8,-1.1,183,"44","15","1"
-717,-17075,"BS",2017,94,201702,10,3,0,03-AUG-17,0.51,2.639,17.258,"Y",2.301,81,61.68781,61.66413,-170.91189,-170.90804,61.67597,-170.90997,"U-21","U-21",48,50,"",9.6,-1,183,"44","15","1"
-717,-17076,"BS",2017,94,201702,11,3,0,03-AUG-17,0.517,2.737,16.283,"Y",2.139,81,61.34774,61.32311,-170.84622,-170.84636,61.33543,-170.84629,"T-21","T-21",47,49,"",10.6,-0.7,183,"44","15","2"
-717,-17077,"BS",2017,94,201702,12,3,0,03-AUG-17,0.51,2.751,16.375,"Y",2.146,70,61.01563,60.99093,-170.81642,-170.81993,61.00328,-170.81818,"S-21","S-21",51,53,"",10.5,-0.6,183,"44","15","1"
-717,-17078,"BS",2017,94,201702,13,3,0,03-AUG-17,0.506,2.687,16.281,"Y",2.178,70,60.68269,60.65859,-170.75829,-170.75436,60.67064,-170.75633,"R-21","R-21",56,58,"",11.5,-0.7,183,"44","15","1"
-717,-17079,"BS",2017,94,201702,14,3,0,04-AUG-17,0.507,2.874,15.186,"Y",2.411,70,60.65761,60.68347,-169.3748,-169.37562,60.67054,-169.37521,"R-19","R-19",41,43,"",10.5,4.8,137,"44","15","1"
-717,-17080,"BS",2017,94,201702,15,3,0,04-AUG-17,0.507,2.75,15.293,"Y",2.391,70,60.98503,61.00967,-169.43187,-169.43661,60.99735,-169.43424,"S-19","S-19",39,41,"",10.9,6,137,"44","15","1"
-717,-17081,"BS",2017,94,201702,16,3,0,04-AUG-17,0.509,2.795,15.731,"Y",2.243,70,61.31405,61.33884,-169.46294,-169.4541,61.32645,-169.45852,"T-19","T-19",38,40,"",10.9,4.4,137,"44","15","1"
-717,-17356,"BS",2017,94,201702,17,3,0,16-AUG-17,0.53,2.885,15.096,"Y",2.403,70,60.65017,60.6718,-166.64281,-166.67192,60.66099,-166.65737,"R-03","R-03",18,20,"",12.7,12.7,137,"44","15","1"
-717,-17357,"BS",2017,94,201702,18,3,0,16-AUG-17,0.534,3.049,14.897,"Y",2.705,70,60.99672,61.02313,-166.66419,-166.67942,61.00993,-166.67181,"S-03","S-03",17,20,"",12,11.9,137,"44","15","1"
-717,-17358,"BS",2017,94,201702,19,3,0,17-AUG-17,0.536,3.092,15.198,"Y",2.697,70,61.31672,61.34408,-166.90655,-166.91698,61.3304,-166.91177,"T-03","T-03",18,21,"",11.8,11.8,137,"44","15","1"
-717,-17359,"BS",2017,94,201702,20,3,0,17-AUG-17,0.535,3.042,15.398,"Y",2.59,70,61.63282,61.65986,-166.74006,-166.74886,61.64634,-166.74446,"U-03","U-03",19,22,"",12.5,12.4,137,"44","15","1"
-717,-17360,"BS",2017,94,201702,21,3,0,17-AUG-17,0.537,2.897,15.567,"Y",2,70,61.98632,62.01221,-166.70206,-166.69566,61.99927,-166.69886,"V-03","V-03",19,21,"",13.4,11.8,137,"44","15","1"
-717,-17361,"BS",2017,94,201702,22,3,0,17-AUG-17,0.541,2.931,15.196,"Y",2.586,70,62.31264,62.33835,-166.72983,-166.71721,62.3255,-166.72352,"W-03","W-03",19,22,"",11.8,11.2,137,"44","15","1"
-717,-17370,"BS",2017,94,201702,23,3,0,18-AUG-17,0.535,2.739,15.892,"Y",2.524,70,62.63023,62.65485,-166.74736,-166.75005,62.64254,-166.74871,"X-03","X-03",23,26,"",11,8.6,137,"44","15","1"
-717,-17371,"BS",2017,94,201702,24,3,0,18-AUG-17,0.515,2.739,15.819,"Y",2.377,70,62.97934,63.00395,-166.74853,-166.75189,62.99165,-166.75021,"Y-03","Y-03",26,28,"",9.1,5.8,137,"44","15","1"
-717,-17372,"BS",2017,94,201702,25,3,0,18-AUG-17,0.527,2.851,15.35,"Y",2.438,70,63.00227,63.00114,-166.06244,-166.00638,63.00171,-166.03441,"Y-04","Y-04",19,21,"",10.2,10.1,137,"44","15","1"
-717,-17373,"BS",2017,94,201702,26,3,0,18-AUG-17,0.532,2.867,15.564,"Y",2.465,71,63.32407,63.34972,-166.03012,-166.02396,63.3369,-166.02704,"ZZ-04","ZZ-04",21,23,"",10.7,6.9,137,"44","15","1"
-717,-17374,"BS",2017,94,201702,27,3,6.21,19-AUG-17,0.528,2.708,14.852,"Y",2.491,71,63.31236,63.33667,-165.34261,-165.33894,63.32452,-165.34078,"ZZ-05","ZZ-05",14,16,"",11.5,11.5,91,"44","15","1"
-717,-17375,"BS",2017,94,201702,28,3,6.21,19-AUG-17,0.519,2.711,15.615,"Y",2.448,71,63.63887,63.65774,-165.35388,-165.31929,63.64831,-165.33659,"AA-05","AA-05",16,18,"",10.9,10.8,110,"44","15","1"
-717,-17376,"BS",2017,94,201702,29,3,6.21,19-AUG-17,0.515,2.836,13.451,"Y",3.026,71,63.6767,63.68583,-164.63987,-164.5865,63.68127,-164.61319,"AA-06","AA-06",9,12,"",11.9,11.4,73,"44","15","1"
-717,-17377,"BS",2017,94,201702,30,3,6.21,19-AUG-17,0.526,2.984,13.74,"Y",2.635,71,63.67083,63.66938,-163.85737,-163.79733,63.67011,-163.82735,"AA-07","AA-07",11,14,"",12.9,12.7,91,"44","15","1"
-717,-17387,"BS",2017,94,201702,31,3,6.21,20-AUG-17,0.521,2.836,14.929,"Y",2.404,71,63.65409,63.679,-163.06635,-163.05397,63.66655,-163.06016,"AA-08","AA-08",13,15,"",13,13.4,91,"44","15","1"
-717,-17388,"BS",2017,94,201702,32,3,6.21,20-AUG-17,0.515,2.726,14.12,"Y",2.516,71,63.98433,64.00858,-163.05843,-163.06678,63.99646,-163.06261,"BB-08","BB-08",17,20,"",13.2,11.8,91,"44","15","1"
-717,-17389,"BS",2017,94,201702,33,3,6.21,20-AUG-17,0.517,2.721,14.449,"Y",2.271,71,64.00596,64.00326,-162.36138,-162.30623,64.00461,-162.33381,"BB-09","BB-09",16,18,"",13.2,8.1,91,"44","15","1"
-717,-17391,"BS",2017,94,201702,35,3,6.21,20-AUG-17,0.266,1.422,13.53,"Y",2,71,63.79815,63.81058,-161.58212,-161.58891,63.80437,-161.58552,"AA-10","AA-10",12,14,"",13.8,10.6,73,"44","15","1"
-717,-17392,"BS",2017,94,201702,40,3,6.21,22-AUG-17,0.518,2.829,14.187,"Y",2.128,71,64.35113,64.32573,-163.78507,-163.78891,64.33843,-163.78699,"CC-07","CC-07",17,19,"",13.6,11.1,91,"44","15","1"
-717,-17393,"BS",2017,94,201702,41,3,6.21,22-AUG-17,0.515,2.701,13.522,"Y",2.377,71,64.01406,63.9899,-163.7894,-163.79538,64.00198,-163.79239,"BB-07","BB-07",17,19,"",12.8,12.7,91,"44","15","1"
-717,-17394,"BS",2017,94,201702,42,3,6.21,22-AUG-17,0.524,2.975,14.652,"Y",2.185,71,63.99192,63.99737,-164.51566,-164.57503,63.99465,-164.54535,"BB-06","BB-06",16,18,"",11.9,11.9,91,"44","15","1"
-717,-17395,"BS",2017,94,201702,43,3,6.21,22-AUG-17,0.521,2.752,14.082,"Y",2.265,71,64.33636,64.3197,-164.55557,-164.51355,64.32803,-164.53456,"CC-06","CC-06",13,15,"",13.6,12.9,91,"44","15","1"
-717,-17401,"BS",2017,94,201702,47,3,0,24-AUG-17,0.529,2.757,15.066,"Y",2.254,71,64.34224,64.32235,-165.35309,-165.31908,64.3323,-165.33609,"CC-05","CC-05",23,25,"",12.4,8.4,137,"44","15","1"
-717,-17403,"BS",2017,94,201702,49,3,6.21,24-AUG-17,0.536,2.998,15.019,"Y",2.362,71,64.00615,63.97981,-166.05828,-166.04505,63.99298,-166.05167,"BB-04","BB-04",20,22,"",11.6,6.5,137,"44","15","1"
-717,-17404,"BS",2017,94,201702,50,3,0,24-AUG-17,0.528,2.984,15.6,"Y",2.185,71,63.68999,63.66317,-166.05712,-166.05988,63.67658,-166.0585,"AA-04","AA-04",24,26,"",11.1,5.5,137,"44","15","1"
-717,-17405,"BS",2017,94,201702,51,3,0,25-AUG-17,0.501,2.808,17.03,"Y",1.909,71,64.01154,63.9864,-166.82041,-166.81459,63.99897,-166.8175,"BB-03","BB-03",31,33,"",10.7,4.1,137,"44","15","1"
-717,-17406,"BS",2017,94,201702,52,3,0,25-AUG-17,0.525,2.991,16.466,"Y",1.957,71,63.67673,63.65004,-166.80407,-166.81155,63.66339,-166.80781,"AA-03","AA-03",27,29,"",11.1,4.7,137,"44","15","1"
-717,-17407,"BS",2017,94,201702,53,3,0,25-AUG-17,0.527,2.975,15.852,"Y",2.248,71,63.3228,63.29608,-166.7912,-166.78787,63.30944,-166.78954,"ZZ-03","ZZ-03",24,26,"",9.8,6.7,137,"44","15","1"
-717,-17417,"BS",2017,94,201702,54,3,0,26-AUG-17,0.532,2.925,15.54,"Y",2.303,70,61.6908,61.66509,-167.41261,-167.42438,61.67795,-167.4185,"U-02","U-02",22,24,"",10.8,9.5,137,"44","15","1"
-717,-17418,"BS",2017,94,201702,55,3,0,26-AUG-17,0.532,2.85,15.603,"Y",2.242,70,61.35742,61.33205,-167.3683,-167.37603,61.34474,-167.37217,"T-02","T-02",22,24,"",11,10.4,137,"44","15","1"
-717,-17419,"BS",2017,94,201702,56,3,0,26-AUG-17,0.532,2.942,16.317,"Y",1.818,70,61.00994,60.98463,-167.33526,-167.3194,60.99729,-167.32733,"S-02","S-02",21,23,"",10.8,10.8,137,"44","15","1"
-717,-17420,"BS",2017,94,201702,57,3,0,26-AUG-17,0.533,2.974,15.728,"Y",2.164,70,60.68686,60.66012,-167.3131,-167.31146,60.67349,-167.31228,"R-02","R-02",24,26,"",11,11,137,"44","15","1"
-717,-17445,"BS",2017,94,201702,36,3,6.21,21-AUG-17,0.513,2.917,15.037,"Y",2,71,63.97908,64.00301,-161.52082,-161.54526,63.99105,-161.53304,"BB-10","BB-10",16,18,"",13.5,7.1,91,"44","15","1"
-717,-17446,"BS",2017,94,201702,37,3,6.21,21-AUG-17,0.521,2.908,14.489,"Y",2,71,64.32334,64.29719,-161.53573,-161.53822,64.31027,-161.53698,"CC-10","CC-10",13,15,"",13.6,10.1,82,"44","15","1"
-717,-17447,"BS",2017,94,201702,38,3,6.21,21-AUG-17,0.515,2.777,14.9,"Y",2.34,71,64.34302,64.31979,-162.25634,-162.27748,64.33141,-162.26691,"CC-09","CC-09",17,19,"",14.1,7.4,91,"44","15","1"
-717,-17448,"BS",2017,94,201702,39,3,6.21,21-AUG-17,0.52,2.824,14.852,"Y",2.197,71,64.25758,64.23547,-163.10419,-163.1328,64.24653,-163.1185,"CC-08","CC-08",18,20,"",14,8.4,91,"44","15","1"
-717,-17449,"BS",2017,94,201702,44,3,0,23-AUG-17,0.533,2.889,15.539,"Y",2.356,71,64.66608,64.64508,-166.8257,-166.79013,64.65558,-166.80792,"DD-03","DD-03",23,25,"",7.8,3.9,137,"44","15","2"
-717,-17450,"BS",2017,94,201702,45,3,0,23-AUG-17,0.523,2.797,15.768,"Y",2.122,71,64.35209,64.3282,-166.84163,-166.82351,64.34015,-166.83257,"CC-03","CC-03",28,30,"",11.2,4.5,137,"44","15","2"
-717,-17451,"BS",2017,94,201702,46,3,0,23-AUG-17,0.53,2.804,14.952,"Y",2.264,71,64.33113,64.331,-166.08866,-166.03081,64.33107,-166.05974,"CC-04","CC-04",21,23,"",11.3,5.2,137,"44","15","1"
-718,-17062,"BS",2017,162,201702,1,3,0,01-AUG-17,0.519,2.809,17.283,"Y",2.254,81,62.3355,62.33524,-175.32548,-175.27144,62.33537,-175.29846,"W-27","W-27",77,79,"",10.3,-1.5,274,"44","15","1"
-718,-17063,"BS",2017,162,201702,2,3,0,01-AUG-17,0.505,2.76,16.729,"Y",2.321,81,62.34059,62.33999,-174.67199,-174.61889,62.34029,-174.64544,"W-26","W-26",69,71,"",10.4,-1.6,229,"44","15","1"
-718,-17064,"BS",2017,162,201702,3,3,0,01-AUG-17,0.513,2.801,17.925,"Y",2.202,81,62.34133,62.34236,-173.91059,-173.85674,62.34185,-173.88367,"W-25","W-25",62,64,"",10.3,-1.6,229,"44","15","1"
-718,-17065,"BS",2017,162,201702,4,3,0,01-AUG-17,0.519,2.851,16.808,"Y",2.24,81,62.34279,62.34364,-173.20171,-173.14687,62.34322,-173.17429,"W-24","W-24",58,60,"",10.3,-1.5,229,"44","15","1"
-718,-17082,"BS",2017,162,201702,5,3,0,02-AUG-17,0.509,2.804,16.299,"Y",2.405,81,62.33077,62.33069,-172.47259,-172.41864,62.33073,-172.44562,"W-23","W-23",52,54,"",10.4,-1.4,183,"44","15","1"
-718,-17083,"BS",2017,162,201702,6,3,0,02-AUG-17,0.516,2.833,15.606,"Y",2.536,81,62.33723,62.33718,-171.75435,-171.69984,62.33721,-171.7271,"W-22","W-22",45,48,"",10.3,-1,183,"44","15","1"
-718,-17084,"BS",2017,162,201702,7,3,0,02-AUG-17,0.519,2.828,16.098,"Y",2.481,70,62.34958,62.32587,-171.06491,-171.04514,62.33773,-171.05503,"W-21","W-21",41,43,"",10.5,-0.5,183,"44","15","1"
-718,-17085,"BS",2017,162,201702,8,3,0,02-AUG-17,0.512,2.824,16.762,"Y",2.331,70,61.99623,61.99588,-170.9878,-170.93406,61.99606,-170.96093,"V-21","V-21",48,50,"",10.8,-1.1,183,"44","15","1"
-718,-17086,"BS",2017,162,201702,9,3,0,03-AUG-17,0.517,2.83,16.231,"Y",2.458,70,61.68569,61.66031,-170.22311,-170.21888,61.673,-170.221,"U-20","U-20",44,46,"",10.8,-0.5,183,"44","15","2"
-718,-17087,"BS",2017,162,201702,10,3,0,03-AUG-17,0.519,2.845,16.474,"Y",2.091,70,61.34416,61.31858,-170.17862,-170.17617,61.33137,-170.1774,"T-20","T-20",45,47,"",10.7,-0.4,183,"44","15","1"
-718,-17088,"BS",2017,162,201702,11,3,0,03-AUG-17,0.532,2.935,16.66,"Y",2.296,70,61.00823,60.98183,-170.13351,-170.13311,60.99503,-170.13331,"S-20","S-20",46,48,"",10.8,1.3,183,"44","15","2"
-718,-17089,"BS",2017,162,201702,12,3,0,03-AUG-17,0.513,2.774,16.667,"Y",2.16,70,60.68748,60.66267,-170.05839,-170.05291,60.67508,-170.05565,"R-20","R-20",47,49,"",10.8,1.5,183,"44","15","2"
-718,-17090,"BS",2017,162,201702,13,3,0,04-AUG-17,0.512,2.791,15.526,"Y",2.347,70,60.6541,60.67868,-168.71172,-168.70128,60.66639,-168.7065,"R-18","R-18",35,37,"",8.8,8.2,137,"44","15","1"
-718,-17091,"BS",2017,162,201702,14,3,0,04-AUG-17,0.515,2.829,15.73,"Y",2.463,70,60.98135,61.00669,-168.71086,-168.71582,60.99402,-168.71334,"S-18","S-18",34,36,"",9.5,8.7,137,"44","15","1"
-718,-17092,"BS",2017,162,201702,15,3,0,04-AUG-17,0.523,2.955,15.575,"Y",2.319,70,61.31719,61.34369,-168.74052,-168.74481,61.33044,-168.74267,"T-18","T-18",32,34,"",10,8.9,137,"44","15","1"
-718,-17233,"BS",2017,162,201702,16,3,0,11-AUG-17,0.54,3.037,15.071,"Y",2.526,70,62.94433,62.92182,-168.97267,-169.00648,62.93308,-168.98958,"Y-18","Y-18",27,30,"",10.2,2,137,"44","15","1"
-718,-17234,"BS",2017,162,201702,17,3,0,11-AUG-17,0.524,2.866,14.723,"Y",2.663,70,62.67291,62.64853,-168.89126,-168.90934,62.66072,-168.9003,"X-18","X-18",33,36,"",12.6,1.3,137,"44","15","1"
-718,-17235,"BS",2017,162,201702,18,3,0,11-AUG-17,0.524,2.951,15.848,"Y",2.618,70,62.34575,62.31932,-168.86793,-168.87343,62.33254,-168.87068,"W-18","W-18",32,35,"",12,0.8,137,"44","15","2"
-718,-17322,"BS",2017,162,201702,19,3,4.1,14-AUG-17,0.529,2.9,15.068,"N",2.645,70,63.27347,63.24852,-171.12473,-171.10791,63.261,-171.11632,"ZZ-21","ZZ-21",31,34,"",2.1,0.5,137,"44","15","1"
-718,-17323,"BS",2017,162,201702,20,3,0,14-AUG-17,0.536,2.952,17.048,"N",2.033,70,62.99721,62.99533,-171.14772,-171.08978,62.99627,-171.11875,"Y-21","Y-21",45,47,"",6.2,-0.4,183,"44","15","2"
-718,-17324,"BS",2017,162,201702,21,3,0,14-AUG-17,0.529,3.033,16.369,"Y",2.383,70,62.95094,62.94311,-170.49839,-170.4413,62.94703,-170.46985,"Y-20","Y-20",40,42,"",4.1,1,183,"44","15","2"
-718,-17325,"BS",2017,162,201702,22,3,0,14-AUG-17,0.536,3.045,15.718,"Y",2.327,70,62.67648,62.65968,-169.57618,-169.62301,62.66808,-169.5996,"X-19","X-19",38,40,"",7.3,6.9,183,"44","15","2"
-718,-17346,"BS",2017,162,201702,23,3,0,15-AUG-17,0.52,2.862,16.003,"Y",2.482,70,61.98309,62.00883,-168.84004,-168.8417,61.99596,-168.84087,"V-18","V-18",34,36,"",8.8,0.8,137,"44","15","1"
-718,-17347,"BS",2017,162,201702,24,3,0,15-AUG-17,0.516,2.852,15.571,"Y",2.628,70,61.65359,61.67921,-168.80168,-168.80476,61.6664,-168.80322,"U-18","U-18",34,37,"",8.5,3.3,137,"44","15","1"
-718,-17348,"BS",2017,162,201702,25,3,0,15-AUG-17,0.513,2.873,15.696,"Y",2.507,70,61.65301,61.6786,-169.49895,-169.50653,61.66581,-169.50274,"U-19","U-19",39,42,"",9,0.9,137,"44","15","2"
-718,-17349,"BS",2017,162,201702,26,3,0,15-AUG-17,0.533,3.009,16.87,"Y",2.269,70,61.99561,62.02267,-169.54919,-169.54751,62.00914,-169.54835,"V-19","V-19",40,42,"",8.7,-0.6,183,"44","15","1"
-718,-17350,"BS",2017,162,201702,27,3,0,15-AUG-17,0.514,2.842,14.518,"Y",2.648,70,62.34563,62.32006,-169.5954,-169.59546,62.33285,-169.59543,"W-19","W-19",34,37,"",7.6,0.5,137,"44","15","1"
-718,-17352,"BS",2017,162,201702,28,3,0,16-AUG-17,0.52,2.767,16.435,"Y",2.455,70,61.99046,62.01535,-170.25662,-170.25713,62.00291,-170.25688,"V-20","V-20",44,46,"",8.8,-0.9,183,"44","15","1"
-718,-17353,"BS",2017,162,201702,29,3,0,16-AUG-17,0.51,2.85,15.123,"Y",2.703,70,62.32893,62.35454,-170.28277,-170.28579,62.34174,-170.28428,"W-20","W-20",37,40,"",8,0.9,137,"44","15","1"
-718,-17354,"BS",2017,162,201702,30,3,0,16-AUG-17,0.531,3.044,16.111,"Y",2.414,70,62.67792,62.66271,-170.33984,-170.38911,62.67032,-170.36448,"X-20","X-20",40,42,"",7,3.8,183,"44","15","2"
-718,-17355,"BS",2017,162,201702,31,3,0,16-AUG-17,0.524,2.857,16.429,"Y",2.373,70,62.65559,62.68114,-171.08239,-171.08838,62.66837,-171.08539,"X-21","X-21",43,45,"",4.7,0,183,"44","15","1"
-718,-17362,"BS",2017,162,201702,32,3,1.12,17-AUG-17,0.315,1.703,17.192,"Y",2.184,70,63.32284,63.31476,-171.90317,-171.93196,63.3188,-171.91757,"ZZ-22","ZZ-22",58,60,"",6.7,-0.3,229,"44","15","1"
-718,-17363,"BS",2017,162,201702,33,3,0,17-AUG-17,0.508,2.785,16.014,"Y",2.268,70,63.01304,62.98799,-171.79938,-171.79788,63.00052,-171.79863,"Y-22","Y-22",51,53,"",8.5,-0.3,183,"44","15","1"
-718,-17364,"BS",2017,162,201702,34,3,0,17-AUG-17,0.497,2.725,15.416,"Y",2.398,70,62.68117,62.65674,-171.81728,-171.81282,62.66896,-171.81505,"X-22","X-22",47,49,"",8.1,-0.9,183,"44","15","1"
-718,-17365,"BS",2017,162,201702,35,3,0,17-AUG-17,0.514,2.824,15.9,"Y",2.255,81,62.65666,62.68206,-172.45506,-172.45641,62.66936,-172.45574,"X-23","X-23",52,54,"",8.9,-0.8,183,"44","15","1"
-718,-17366,"BS",2017,162,201702,36,3,0,18-AUG-17,0.517,2.837,17.258,"Y",2.15,81,62.65832,62.68385,-174.63451,-174.63603,62.67109,-174.63527,"X-26","X-26",71,73,"",8.2,-1.4,274,"44","15","1"
-718,-17367,"BS",2017,162,201702,37,3,5.1,18-AUG-17,0.36,1.994,18.003,"Y",2.118,81,62.66685,62.66701,-173.93349,-173.8947,62.66693,-173.9141,"X-25","X-25",67,69,"",9.6,-1.5,229,"44","15","1"
-718,-17368,"BS",2017,162,201702,38,3,0,18-AUG-17,0.492,2.761,17.919,"Y",2.057,81,62.65731,62.6818,-173.18847,-173.17935,62.66956,-173.18391,"X-24","X-24",62,64,"",9.2,-1.5,229,"44","15","1"
-718,-17369,"BS",2017,162,201702,39,3,0,18-AUG-17,0.501,2.769,18.932,"Y",1.918,81,62.9809,63.00492,-173.99331,-174.00783,62.99291,-174.00057,"Y-25","Y-25",72,74,"",10.4,-1.4,274,"44","15","1"
-718,-17378,"BS",2017,162,201702,40,3,0,19-AUG-17,0.507,2.772,16.337,"Y",2.262,81,63.33622,63.33583,-173.43973,-173.38453,63.33603,-173.41213,"ZZ-24","ZZ-24",69,71,"",9.1,-1.1,229,"44","15","1"
-718,-17379,"BS",2017,162,201702,41,3,0,19-AUG-17,0.504,2.734,17.771,"Y",1.923,81,63.00766,62.98305,-173.23262,-173.23196,62.99536,-173.23229,"Y-24","Y-24",66,68,"",9.5,-1.5,229,"44","15","1"
-718,-17381,"BS",2017,162,201702,43,3,0,19-AUG-17,0.523,2.895,17.64,"Y",1.999,81,62.99547,63.02141,-172.60447,-172.60975,63.00844,-172.60711,"Y-23","Y-23",59,61,"",8.4,-1.2,229,"44","15","1"
-718,-17382,"BS",2017,162,201702,44,3,0,19-AUG-17,0.524,2.954,16.363,"Y",2.213,81,63.31209,63.33848,-172.69496,-172.68777,63.32529,-172.69137,"ZZ-23","ZZ-23",63,65,"",8.3,-1,229,"44","15","1"
-718,-17383,"BS",2017,162,201702,45,3,0,19-AUG-17,0.523,2.894,16.188,"Y",2.357,81,63.66189,63.67747,-172.75738,-172.71066,63.66968,-172.73402,"AA-23","AA-23",55,57,"",8.3,1.5,229,"44","15","1"
-661,-7172,"BS",2010,89,201002,1,3,0,30-JUL-10,0.497,2.746,14.276,"Y",2.769,70,60.655,60.6792,-168.6925,-168.68293,60.6671,-168.68772,"R-18","R-18",35,38,"",7.6,0.3,137,"44","15","1"
-661,-7173,"BS",2010,89,201002,2,3,0,30-JUL-10,0.507,2.79,14.76,"Y",2.757,70,60.98295,61.0078,-168.73173,-168.73828,60.99538,-168.73501,"S-18","S-18",34,37,"",8.5,0.8,137,"44","15","2"
-661,-7174,"BS",2010,89,201002,3,3,0,30-JUL-10,0.495,2.743,14.942,"N",2.779,70,61.31817,61.34275,-168.76693,-168.76868,61.33046,-168.76781,"T-18","T-18",31,34,"",8.7,0.4,137,"44","15","2"
-661,-7175,"BS",2010,89,201002,4,3,0,31-JUL-10,0.498,2.737,13.987,"Y",2.762,70,61.65305,61.6776,-168.80163,-168.80402,61.66533,-168.80283,"U-18","U-18",34,37,"",9,-0.2,137,"44","15","2"
-661,-7176,"BS",2010,89,201002,5,3,0,31-JUL-10,0.502,2.779,14.652,"Y",2.573,70,61.98697,62.01197,-168.84008,-168.84197,61.99947,-168.84103,"V-18","V-18",34,37,"",9.1,-0.7,137,"44","15","1"
-661,-7177,"BS",2010,89,201002,6,3,0,31-JUL-10,0.5,2.776,14.23,"Y",2.784,70,62.31892,62.3437,-168.87245,-168.86835,62.33131,-168.8704,"W-18","W-18",32,35,"",9.4,-0.9,137,"44","15","1"
-661,-7178,"BS",2010,89,201002,7,3,0,31-JUL-10,0.502,2.8,14.813,"Y",2.788,70,62.65552,62.6793,-168.9043,-168.88668,62.66741,-168.89549,"X-18","X-18",34,37,"",8,-0.6,137,"44","15","1"
-661,-7179,"BS",2010,89,201002,8,3,0,31-JUL-10,0.513,2.871,14.942,"N",3.002,70,62.93715,62.9145,-168.986,-169.01292,62.92583,-168.99946,"Y-18","Y-18",26,29,"",7,0.9,137,"44","15","2"
-661,-7180,"BS",2010,89,201002,9,3,0,01-AUG-10,0.495,2.737,14.942,"N",2.838,70,62.676,62.66118,-169.57675,-169.61912,62.66859,-169.59794,"X-19","X-19",37,40,"",11.2,1.5,137,"44","15","1"
-661,-7181,"BS",2010,89,201002,10,3,0,01-AUG-10,0.498,2.733,14.942,"N",2.973,70,62.34737,62.32282,-169.5963,-169.59615,62.3351,-169.59623,"W-19","W-19",34,37,"",9.2,-0.8,137,"44","15","1"
-661,-7182,"BS",2010,89,201002,11,3,0,01-AUG-10,0.482,2.697,14.032,"Y",2.985,70,62.01638,61.99215,-169.54808,-169.54905,62.00427,-169.54857,"V-19","V-19",39,42,"",9.5,-1.1,137,"44","15","1"
-661,-7183,"BS",2010,89,201002,12,3,0,01-AUG-10,0.491,2.729,14.942,"N",2.763,70,61.67337,61.64912,-169.5049,-169.49735,61.66125,-169.50113,"U-19","U-19",39,42,"",9.7,-1,137,"44","15","1"
-661,-7184,"BS",2010,89,201002,13,3,0,01-AUG-10,0.353,1.961,13.968,"Y",3.007,70,61.34832,61.33077,-169.46143,-169.46345,61.33955,-169.46244,"T-19","T-19",38,41,"",9.9,-0.7,137,"44","15","1"
-661,-7186,"BS",2010,89,201002,15,3,0,02-AUG-10,0.491,2.743,14.706,"Y",2.691,70,60.66768,60.67362,-169.35685,-169.40537,60.67065,-169.38111,"R-19","R-19",40,43,"",9.7,-0.7,137,"44","15","1"
-661,-7187,"BS",2010,89,201002,16,3,0,02-AUG-10,0.504,2.778,16.17,"N",2.543,70,60.66797,60.67137,-170.03462,-170.08463,60.66967,-170.05963,"R-20","R-20",47,50,"",9.4,-1.3,183,"44","15","1"
-661,-7188,"BS",2010,89,201002,17,3,0,02-AUG-10,0.514,2.829,17.585,"Y",2.272,81,60.65348,60.67882,-170.7545,-170.75813,60.66615,-170.75632,"R-21","R-21",60,62,"",11.9,0.5,229,"44","15","1"
-661,-7189,"BS",2010,89,201002,18,3,0,02-AUG-10,0.491,2.691,15.977,"Y",2.485,81,60.9981,61.00208,-170.84488,-170.79605,61.00009,-170.82047,"S-21","S-21",52,54,"",9.2,-1.3,183,"44","15","1"
-661,-7190,"BS",2010,89,201002,19,3,0,03-AUG-10,0.503,2.77,16.362,"Y",2.294,70,60.98112,61.00343,-170.09193,-170.11437,60.99228,-170.10315,"S-20","S-20",46,48,"",9.4,-1.1,183,"44","15","1"
-661,-7191,"BS",2010,89,201002,20,3,0,03-AUG-10,0.508,2.812,16.684,"Y",2.308,70,61.32553,61.34623,-170.0987,-170.12837,61.33588,-170.11354,"T-20","T-20",45,47,"",9.1,-1.2,183,"44","15","1"
-661,-7192,"BS",2010,89,201002,21,3,0,03-AUG-10,0.503,2.784,15.637,"Y",2.291,81,61.33793,61.34083,-170.77408,-170.8255,61.33938,-170.79979,"T-21","T-21",39,41,"",11.2,1,137,"44","15","2"
-661,-7193,"BS",2010,89,201002,22,3,0,03-AUG-10,0.496,2.731,17.408,"Y",2.262,81,61.33077,61.35255,-171.48933,-171.51275,61.34166,-171.50104,"T-22","T-22",53,55,"",9.1,-1.1,183,"44","15","1"
-661,-7194,"BS",2010,89,201002,23,3,0,03-AUG-10,0.491,2.695,16.17,"N",2.459,81,61.65798,61.67958,-171.53878,-171.56158,61.66878,-171.55018,"U-22","U-22",53,55,"",8.9,-1.2,183,"44","15","1"
-661,-7195,"BS",2010,89,201002,24,3,0,04-AUG-10,0.505,2.807,15.416,"Y",2.517,81,61.65965,61.68463,-170.86265,-170.86962,61.67214,-170.86614,"U-21","U-21",47,50,"",9,-1.1,183,"44","15","1"
-661,-7196,"BS",2010,89,201002,25,3,0,04-AUG-10,0.5,2.779,16.17,"N",2.298,70,61.99455,62.01357,-170.95498,-170.98915,62.00406,-170.97207,"V-21","V-21",47,49,"",9.1,-1,183,"44","15","1"
-661,-7197,"BS",2010,89,201002,26,3,0,04-AUG-10,0.498,2.769,16.029,"Y",2.392,70,61.99648,61.99542,-171.6442,-171.69668,61.99595,-171.67044,"V-22","V-22",50,52,"",8.8,-1.2,183,"44","15","1"
-661,-7198,"BS",2010,89,201002,27,3,0,04-AUG-10,0.494,2.709,16.268,"Y",2.524,81,61.97613,62.00037,-172.36885,-172.36575,61.98825,-172.3673,"V-23","V-23",53,56,"",9,-1.2,183,"44","15","1"
-661,-7199,"BS",2010,89,201002,28,3,0,04-AUG-10,0.495,2.747,16.262,"Y",2.302,81,62.32177,62.34517,-172.40093,-172.38428,62.33347,-172.39261,"W-23","W-23",52,54,"",8.8,-1.2,183,"44","15","1"
-661,-7200,"BS",2010,89,201002,29,3,0,05-AUG-10,0.523,2.899,16.949,"Y",2.026,81,62.32792,62.3538,-171.74788,-171.74252,62.34086,-171.7452,"W-22","W-22",45,47,"",8.7,-0.9,183,"44","15","1"
-661,-7201,"BS",2010,89,201002,30,3,0,05-AUG-10,0.513,2.853,17.613,"Y",2.011,70,62.65408,62.67962,-171.81212,-171.81728,62.66685,-171.8147,"X-22","X-22",47,49,"",8.7,-1,183,"44","15","1"
-661,-7202,"BS",2010,89,201002,31,3,0,05-AUG-10,0.508,2.837,17.205,"Y",1.875,70,62.97495,63.00047,-171.79808,-171.79725,62.98771,-171.79767,"Y-22","Y-22",51,53,"",8.7,-1.4,183,"44","15","1"
-661,-7204,"BS",2010,89,201002,33,3,2.2,05-AUG-10,0.239,1.327,15.904,"Y",2.662,70,63.28073,63.26958,-171.15252,-171.14338,63.27516,-171.14795,"ZZ-21","ZZ-21",30,33,"",7.1,-0.1,137,"44","15","1"
-661,-7205,"BS",2010,89,201002,34,3,0,06-AUG-10,0.522,2.941,16.17,"N",1.74,70,62.998,62.99585,-171.15408,-171.09653,62.99693,-171.12531,"Y-21","Y-21",45,47,"",8.7,-0.9,183,"44","15","1"
-661,-7206,"BS",2010,89,201002,35,3,0,06-AUG-10,0.531,3.003,17.309,"Y",1.697,70,62.95192,62.94438,-170.50662,-170.45015,62.94815,-170.47839,"Y-20","Y-20",40,42,"",9.5,-0.8,183,"44","15","1"
-661,-7207,"BS",2010,89,201002,36,3,0,06-AUG-10,0.53,3.005,16.17,"N",1.671,70,62.67765,62.66233,-170.34105,-170.38898,62.66999,-170.36502,"X-20","X-20",41,43,"",9.6,-1.1,183,"44","15","1"
-661,-7208,"BS",2010,89,201002,37,3,0,06-AUG-10,0.525,2.938,17.639,"Y",1.492,70,62.65313,62.67937,-171.08255,-171.08763,62.66625,-171.08509,"X-21","X-21",44,45,"",8.8,-0.9,183,"44","15","1"
-661,-7209,"BS",2010,89,201002,38,3,0,06-AUG-10,0.525,2.933,16.848,"Y",1.844,70,62.35522,62.33285,-171.04742,-171.01747,62.34404,-171.03245,"W-21","W-21",41,43,"",9,-0.8,183,"44","15","1"
-661,-7210,"BS",2010,89,201002,39,3,0,07-AUG-10,0.505,2.801,16.384,"Y",2.011,70,62.35242,62.32727,-170.28513,-170.28245,62.33985,-170.28379,"W-20","W-20",38,40,"",9.3,-0.9,137,"44","15","1"
-661,-7211,"BS",2010,89,201002,40,3,0,07-AUG-10,0.523,2.905,17.423,"Y",1.77,70,62.01268,61.98658,-170.25692,-170.25628,61.99963,-170.2566,"V-20","V-20",45,47,"",9.5,-1,183,"44","15","1"
-661,-7212,"BS",2010,89,201002,41,3,0,07-AUG-10,0.519,2.911,17.15,"Y",1.799,70,61.67145,61.66997,-170.21017,-170.15555,61.67071,-170.18286,"U-20","U-20",44,46,"",9.6,-1.2,183,"44","15","1"
-661,-7213,"BS",2010,89,201002,42,3,0,08-AUG-10,0.54,3.08,14.884,"Y",2.497,70,61.6588,61.63432,-166.73952,-166.71248,61.64656,-166.726,"U-03","U-03",18,20,"",8.9,9,137,"44","15","1"
-661,-7214,"BS",2010,89,201002,43,3,0,08-AUG-10,0.538,2.992,15.295,"Y",1.99,70,61.35608,61.34502,-166.90597,-166.85513,61.35055,-166.88055,"T-03","T-03",18,20,"",8.9,9.2,137,"44","15","2"
-661,-7215,"BS",2010,89,201002,44,3,0,08-AUG-10,0.538,3.054,16.038,"Y",1.647,70,61.01755,60.99163,-166.67373,-166.65577,61.00459,-166.66475,"S-03","S-03",17,19,"",10,10,137,"44","15","1"
-661,-7216,"BS",2010,89,201002,45,3,0,08-AUG-10,0.533,3.051,15.439,"Y",2.024,70,60.6716,60.65767,-166.69558,-166.64785,60.66464,-166.67172,"R-03","R-03",19,21,"",8.5,8.9,137,"44","15","1"
-662,-7073,"BS",2010,94,201002,1,3,5.8,23-JUL-10,0.471,2.632,16.803,"Y",3.15,70,60.68555,60.66215,-167.99962,-168.00675,60.67385,-168.00319,"R-01","R-01",25,28,"",4.8,4.7,137,"44","15","1"
-662,-7074,"BS",2010,94,201002,2,3,0,24-JUL-10,0.483,2.77,15.781,"Y",3.25,70,60.66808,60.66785,-167.36012,-167.30962,60.66797,-167.33487,"R-02","R-02",21,24,"",5.9,5.8,137,"44","15","1"
-662,-7075,"BS",2010,94,201002,3,3,0,24-JUL-10,0.476,2.628,16.069,"Y",3.299,70,60.98938,61.01298,-167.34417,-167.3467,61.00118,-167.34544,"S-02","S-02",20,23,"",5.3,5.3,137,"44","15","1"
-662,-7076,"BS",2010,94,201002,4,3,0,24-JUL-10,0.492,2.712,16.382,"Y",3.199,70,61.01843,60.99422,-168.03232,-168.03847,61.00633,-168.0354,"S-01","S-01",26,29,"",5.8,5,137,"44","15","1"
-662,-7078,"BS",2010,94,201002,6,3,6.3,25-JUL-10,0.502,2.802,15.196,"Y",3.2,70,61.31947,61.34437,-167.37382,-167.36585,61.33192,-167.36984,"T-02","T-02",22,25,"",7.3,5.2,137,"44","15","1"
-662,-7079,"BS",2010,94,201002,7,3,0,25-JUL-10,0.514,2.781,15.427,"Y",3.015,70,61.65333,61.67648,-167.4031,-167.38325,61.66491,-167.39318,"U-02","U-02",21,24,"",7.5,4.8,137,"44","15","1"
-662,-7080,"BS",2010,94,201002,8,3,0,25-JUL-10,0.513,2.763,15.368,"Y",3.035,70,61.64993,61.67465,-168.09252,-168.09803,61.66229,-168.09528,"U-01","U-01",26,29,"",7.9,0.9,137,"44","15","1"
-662,-7081,"BS",2010,94,201002,9,3,0,25-JUL-10,0.52,2.84,15.597,"Y",2.997,70,61.98527,62.0108,-168.12582,-168.12692,61.99804,-168.12637,"V-01","V-01",25,28,"",7.6,0.6,137,"44","15","1"
-662,-7082,"BS",2010,94,201002,10,3,0,26-JUL-10,0.493,2.7,15.017,"Y",3.164,70,61.98393,62.00817,-167.41658,-167.41333,61.99605,-167.41496,"V-02","V-02",22,25,"",8,2.8,137,"44","15","1"
-662,-7083,"BS",2010,94,201002,11,3,0,26-JUL-10,0.494,2.691,15.308,"Y",3.388,70,62.32337,62.34752,-167.43547,-167.43883,62.33545,-167.43715,"W-02","W-02",22,25,"",8,0.8,137,"44","15","1"
-662,-7084,"BS",2010,94,201002,12,3,0,26-JUL-10,0.504,2.761,15.719,"Y",3.278,70,62.32017,62.3435,-168.14393,-168.16215,62.33184,-168.15304,"W-01","W-01",26,29,"",7.9,-0.3,137,"44","15","1"
-662,-7086,"BS",2010,94,201002,14,3,0,26-JUL-10,0.509,2.872,15.016,"Y",3.284,70,62.65202,62.67205,-167.48878,-167.4535,62.66204,-167.47114,"X-02","X-02",24,27,"",7.3,1.3,137,"44","15","1"
-662,-7087,"BS",2010,94,201002,15,3,0,27-JUL-10,0.496,2.75,16.247,"Y",2.943,70,62.98648,63.01122,-167.48463,-167.4841,62.99885,-167.48437,"Y-02","Y-02",31,34,"",6.6,1.2,137,"44","15","1"
-662,-7088,"BS",2010,94,201002,16,3,0,27-JUL-10,0.51,2.819,15.821,"Y",3.099,70,62.98922,63.01262,-168.20485,-168.22617,63.00092,-168.21551,"Y-01","Y-01",36,39,"",7,0.7,137,"44","15","1"
-662,-7089,"BS",2010,94,201002,17,3,5.8,27-JUL-10,0.523,2.761,15.284,"Y",3.23,71,63.31945,63.34407,-168.24468,-168.23748,63.33176,-168.24108,"ZZ-01","ZZ-01",24,27,"",1.4,0.5,137,"44","15","1"
-662,-7090,"BS",2010,94,201002,18,3,0,27-JUL-10,0.513,2.836,15.725,"Y",2.923,71,63.31822,63.3436,-167.51027,-167.50467,63.33091,-167.50747,"ZZ-02","ZZ-02",30,33,"",7.7,0.6,137,"44","15","1"
-662,-7091,"BS",2010,94,201002,19,3,0,28-JUL-10,0.51,2.777,15.272,"Y",3.105,71,63.65297,63.67782,-167.53097,-167.52488,63.6654,-167.52793,"AA-02","AA-02",25,28,"",7.1,0.7,137,"44","15","1"
-662,-7092,"BS",2010,94,201002,20,3,0,28-JUL-10,0.494,2.708,15.491,"Y",3.019,71,63.67842,63.65942,-168.2923,-168.25823,63.66892,-168.27527,"AA-01","AA-01",29,32,"",7,1.9,137,"44","15","1"
-662,-7093,"BS",2010,94,201002,21,3,0,28-JUL-10,0.504,2.826,15.579,"Y",3.084,71,63.68055,63.65803,-169.00202,-169.02845,63.66929,-169.01524,"AA-18","AA-18",32,35,"",7.6,3.6,137,"44","15","1"
-662,-7094,"BS",2010,94,201002,22,3,0,28-JUL-10,0.515,2.81,16.767,"Y",2.941,71,63.64828,63.67335,-169.74898,-169.75602,63.66082,-169.7525,"AA-19","AA-19",36,39,"",7.7,6.3,183,"44","15","1"
-662,-7095,"BS",2010,94,201002,23,3,0,28-JUL-10,0.507,2.853,15.765,"Y",3.012,71,63.98052,64.00153,-169.77357,-169.80693,63.99103,-169.79025,"BB-19","BB-19",31,34,"",6.2,2,137,"44","15","1"
-662,-7096,"BS",2010,94,201002,24,3,0,29-JUL-10,0.508,2.786,15.301,"Y",3.036,71,63.98347,64.0084,-170.5616,-170.55597,63.99594,-170.55879,"BB-20","BB-20",25,28,"",8.1,1.4,137,"44","15","1"
-662,-7097,"BS",2010,94,201002,25,3,5.8,29-JUL-10,0.512,2.796,15.344,"Y",3.082,71,64.01273,63.99435,-171.34162,-171.3027,64.00354,-171.32216,"BB-21","BB-21",25,28,"",8.5,0.1,137,"44","15","1"
-662,-7098,"BS",2010,94,201002,26,3,5.5,29-JUL-10,0.511,2.771,16.857,"Y",2.806,71,63.98623,64.011,-172.0534,-172.05948,63.99862,-172.05644,"BB-22","BB-22",49,52,"",9,1.6,229,"44","15","1"
-662,-7099,"BS",2010,94,201002,27,3,1.12,29-JUL-10,0.276,1.403,17.112,"Y",3,70,63.70007,63.68747,-172.06112,-172.06193,63.69377,-172.06153,"AA-22","AA-22",33,36,"",8.8,-0.7,137,"44","15","1"
-662,-7100,"BS",2010,94,201002,28,3,0,29-JUL-10,0.493,2.779,16.944,"Y",3.121,81,63.67602,63.6604,-172.71473,-172.75845,63.66821,-172.73659,"AA-23","AA-23",52,55,"",9.3,0,229,"44","15","1"
-662,-7102,"BS",2010,94,201002,30,3,5.8,30-JUL-10,0.483,2.701,15.569,"Y",3.137,71,64.3373,64.32042,-170.59722,-170.63723,64.32886,-170.61723,"CC-20","CC-20",33,36,"",8.9,0.7,137,"44","15","1"
-662,-7104,"BS",2010,94,201002,32,3,0,30-JUL-10,0.508,2.882,15.928,"Y",3.143,71,64.30527,64.32848,-169.12482,-169.09848,64.31688,-169.11165,"CC-18","CC-18",36,39,"",8.5,1.4,183,"44","15","1"
-662,-7105,"BS",2010,94,201002,33,3,0,30-JUL-10,0.498,2.667,15.583,"Y",3.083,71,64.01918,63.99558,-169.04827,-169.05797,64.00738,-169.05312,"BB-18","BB-18",31,34,"",9.2,1.4,137,"44","15","1"
-662,-7106,"BS",2010,94,201002,34,3,5.2,31-JUL-10,0.513,2.752,15.386,"Y",2.373,71,63.978,64.00273,-168.3002,-168.30303,63.99037,-168.30162,"BB-01","BB-01",33,35,"",7.4,4.2,137,"44","15","1"
-662,-7107,"BS",2010,94,201002,35,3,5.2,31-JUL-10,0.518,2.744,15.472,"Y",2.38,71,64.34282,64.3195,-168.32537,-168.34392,64.33116,-168.33465,"CC-01","CC-01",36,38,"",7.5,2.8,183,"44","15","1"
-662,-7108,"BS",2010,94,201002,36,3,5.2,31-JUL-10,0.518,2.752,15.514,"Y",2.373,71,64.66873,64.64632,-168.36397,-168.33955,64.65753,-168.35176,"DD-01","DD-01",36,38,"",6.6,2,183,"44","15","1"
-662,-7109,"BS",2010,94,201002,37,3,5.2,01-AUG-10,0.526,2.904,16.292,"Y",2.15,71,64.63747,64.6141,-170.61765,-170.59062,64.62579,-170.60414,"DD-20","DD-20",45,47,"",2.2,2.3,183,"44","15","1"
-662,-7110,"BS",2010,94,201002,38,3,5.2,01-AUG-10,0.509,2.73,16.178,"Y",2.22,71,64.6786,64.65675,-169.90315,-169.87713,64.66768,-169.89014,"DD-19","DD-19",44,46,"",9.1,1.8,183,"44","15","1"
-662,-7111,"BS",2010,94,201002,39,3,5.2,01-AUG-10,0.525,2.921,16.584,"Y",2.162,71,64.64222,64.66047,-169.18483,-169.14103,64.65135,-169.16293,"DD-18","DD-18",40,42,"",5,1.9,183,"44","15","1"
-662,-7112,"BS",2010,94,201002,40,3,5.2,01-AUG-10,0.536,2.866,16.717,"Y",2.088,71,65.02415,65.00695,-169.1029,-169.14805,65.01555,-169.12548,"EE-18","EE-18",46,48,"",3.2,2.3,183,"44","15","1"
-662,-7113,"BS",2010,94,201002,41,3,5.2,01-AUG-10,0.54,3.01,16.372,"Y",2.048,71,65.01542,64.99855,-169.88993,-169.93977,65.00699,-169.91485,"EE-19","EE-19",47,49,"",4.9,2,183,"44","15","1"
-662,-7115,"BS",2010,94,201002,43,3,1.1,02-AUG-10,0.284,1.501,17.56,"Y",2.748,71,65.32702,65.3404,-168.42677,-168.42252,65.33371,-168.42465,"FF-01","FF-01",50,53,"",8.9,2,229,"44","15","1"
-662,-7116,"BS",2010,94,201002,44,3,0,02-AUG-10,0.522,2.807,16.808,"Y",2.449,71,65.31457,65.31777,-167.8908,-167.95038,65.31617,-167.92059,"FF-02","FF-02",36,38,"",8.9,2.2,183,"44","15","1"
-662,-7117,"BS",2010,94,201002,45,3,5.5,02-AUG-10,0.51,2.918,15.578,"Y",2.419,71,65.0047,65.02818,-167.615,-167.64255,65.01644,-167.62878,"EE-02","EE-02",31,33,"",9.2,3.2,137,"44","15","1"
-662,-7118,"BS",2010,94,201002,46,3,0,03-AUG-10,0.502,2.655,16.434,"Y",2.6,71,65.0101,64.98627,-168.34465,-168.34707,64.99819,-168.34586,"EE-01","EE-01",42,45,"",9.3,2.5,183,"44","15","1"
-662,-7119,"BS",2010,94,201002,47,3,0,03-AUG-10,0.509,2.651,15.804,"Y",2.532,71,64.68485,64.66102,-167.60737,-167.60623,64.67294,-167.6068,"DD-02","DD-02",28,31,"",9,0.6,137,"44","15","1"
-662,-7120,"BS",2010,94,201002,48,3,0,03-AUG-10,0.511,2.903,15.708,"Y",2.546,71,64.64992,64.67507,-166.8244,-166.84048,64.6625,-166.83244,"DD-03","DD-03",23,26,"",11.2,2.4,137,"44","15","1"
-662,-7121,"BS",2010,94,201002,49,3,0,03-AUG-10,0.512,2.715,15.754,"Y",2.613,71,64.32705,64.34987,-166.81525,-166.83518,64.33846,-166.82522,"CC-03","CC-03",27,30,"",11.9,0.7,137,"44","15","2"
-662,-7122,"BS",2010,94,201002,50,3,0,04-AUG-10,0.514,2.768,15.102,"Y",2.675,71,64.34658,64.32172,-167.57355,-167.57713,64.33415,-167.57534,"CC-02","CC-02",29,32,"",9.4,1.4,137,"44","15","1"
-662,-7124,"BS",2010,94,201002,52,3,0,04-AUG-10,0.507,2.836,15.831,"Y",2.546,71,64.00048,64.00595,-166.78975,-166.8462,64.00322,-166.81798,"BB-03","BB-03",30,33,"",10.4,1.5,137,"44","15","1"
-662,-7125,"BS",2010,94,201002,53,3,0,04-AUG-10,0.526,2.853,15.683,"Y",2.563,71,63.6777,63.65217,-166.78432,-166.77803,63.66494,-166.78118,"AA-03","AA-03",27,30,"",10.6,0.8,137,"44","15","1"
-662,-7126,"BS",2010,94,201002,54,3,0,04-AUG-10,0.513,2.823,15.613,"Y",2.36,71,63.36122,63.33588,-166.76678,-166.7638,63.34855,-166.76529,"ZZ-03","ZZ-03",25,27,"",11,2.9,137,"44","15","1"
-662,-7127,"BS",2010,94,201002,55,3,0,05-AUG-10,0.509,2.803,16.013,"Y",2.478,70,63.00898,62.98713,-166.7415,-166.76893,62.99806,-166.75522,"Y-03","Y-03",26,28,"",10.7,4.2,137,"44","15","1"
-662,-7128,"BS",2010,94,201002,56,3,0,05-AUG-10,0.528,3.042,15.796,"Y",2.182,70,62.97382,63.00117,-166.02683,-166.02528,62.9875,-166.02606,"Y-04","Y-04",19,21,"",11.9,7.9,137,"44","15","1"
-662,-7129,"BS",2010,94,201002,57,3,0,05-AUG-10,0.522,2.729,15.62,"Y",2.591,71,63.32395,63.3483,-166.03523,-166.02795,63.33613,-166.03159,"ZZ-04","ZZ-04",21,24,"",11.8,3,137,"44","15","1"
-662,-7130,"BS",2010,94,201002,58,3,0,05-AUG-10,0.491,2.926,16.323,"Y",2.336,71,63.3285,63.35288,-165.3068,-165.28508,63.34069,-165.29594,"ZZ-05","ZZ-05",13,15,"",12.9,7.5,137,"44","15","1"
-662,-7131,"BS",2010,94,201002,59,3,0,05-AUG-10,0.498,2.686,15.731,"Y",2.49,71,63.65108,63.67523,-165.29893,-165.29825,63.66316,-165.29859,"AA-05","AA-05",16,18,"",13.9,9.3,137,"44","15","1"
-662,-7132,"BS",2010,94,201002,60,3,0,06-AUG-10,0.492,2.702,15.375,"Y",2.499,71,63.65072,63.67498,-166.04002,-166.0432,63.66285,-166.04161,"AA-04","AA-04",24,26,"",11.4,3,137,"44","15","1"
-723,-18223,"BS",2018,162,201802,234,13,0,14-AUG-18,0.503,2.82,16.579,"Y",2.166,999,60.76415,60.73883,-169.48741,-169.48381,60.75149,-169.48561,"NBS-30","NBS-30",41,43,"",8.5,5.6,183,"44","15","1"
-728,-19496,"BS",2019,94,201902,1,3,0,29-JUL-19,0.525,2.777,17.449,"Y",2.418,81,62.01951,61.99495,-173.08485,-173.07518,62.00723,-173.08002,"V-24","V-24",56,58,"",10.8,0.8,125,"44","15","2"
-728,-19497,"BS",2019,94,201902,2,3,0,29-JUL-19,0.517,2.727,17.413,"Y",2.496,81,61.68986,61.66534,-173.09232,-173.09477,61.6776,-173.09355,"U-24","U-24",64,66,"",10.8,1.4,229,"44","15","2"
-728,-19498,"BS",2019,94,201902,3,3,0,29-JUL-19,0.517,2.766,17.725,"Y",2.597,81,61.34522,61.32095,-172.93641,-172.92511,61.33309,-172.93076,"T-24","T-24",66,69,"",10.7,1.6,229,"44","15","2"
-728,-19499,"BS",2019,94,201902,4,3,0,29-JUL-19,0.496,2.689,19.548,"Y",2.187,81,61.33394,61.35088,-172.30297,-172.2672,61.34241,-172.28509,"T-23","T-23",61,63,"",10.8,1.9,229,"44","15","2"
-728,-19500,"BS",2019,94,201902,5,3,0,29-JUL-19,0.524,2.724,17.652,"Y",2.562,81,61.65069,61.67512,-172.33413,-172.33005,61.66291,-172.33209,"U-23","U-23",59,62,"",10.8,1,229,"44","15","1"
-728,-19501,"BS",2019,94,201902,6,3,0,30-JUL-19,0.502,2.795,17.369,"Y",2.546,81,61.69169,61.66692,-171.55195,-171.561,61.67931,-171.55648,"U-22","U-22",53,56,"",10.8,1.3,183,"44","15","2"
-728,-19502,"BS",2019,94,201902,7,3,0,30-JUL-19,0.505,2.731,17.696,"Y",2.653,81,61.34953,61.33544,-171.50395,-171.46227,61.34249,-171.48311,"T-22","T-22",52,55,"",11.1,1.8,183,"44","15","1"
-728,-19503,"BS",2019,94,201902,8,3,0,30-JUL-19,0.518,2.714,16.634,"Y",2.534,81,61.32737,61.35169,-170.84864,-170.85319,61.33953,-170.85092,"T-21","T-21",46,49,"",11.1,1.8,183,"44","15","2"
-728,-19504,"BS",2019,94,201902,9,3,0,30-JUL-19,0.519,2.685,17.037,"Y",2.655,81,61.66214,61.68602,-170.9131,-170.92084,61.67408,-170.91697,"U-21","U-21",47,50,"",11.1,1.1,183,"44","15","2"
-728,-19508,"BS",2019,94,201902,10,3,0,04-AUG-19,0.518,2.69,14.8,"Y",2.722,71,64.34148,64.32052,-165.34574,-165.31798,64.331,-165.33186,"CC-05","CC-05",22,25,"",12.9,12.7,137,"44","15","1"
-728,-19509,"BS",2019,94,201902,11,3,0,04-AUG-19,0.52,2.892,14.507,"N",2.427,71,64.02649,64.00058,-165.31826,-165.32398,64.01354,-165.32112,"BB-05","BB-05",16,18,"",13.2,12.7,91,"44","15","1"
-728,-19510,"BS",2019,94,201902,12,3,0,04-AUG-19,0.515,2.819,14.951,"Y",2.255,71,64.00193,64.00513,-164.57754,-164.52052,64.00353,-164.54903,"BB-06","BB-06",17,19,"",13.6,13.2,91,"44","15","1"
-728,-19574,"BS",2019,94,201902,14,3,0,05-AUG-19,0.527,2.886,14.726,"N",2.883,71,64.32562,64.32434,-164.56143,-164.50198,64.32498,-164.53171,"CC-06","CC-06",13,16,"",12.9,12.7,91,"44","15","1"
-728,-19575,"BS",2019,94,201902,15,3,0,05-AUG-19,0.516,2.895,15.254,"N",2.673,71,64.33999,64.33598,-163.81224,-163.7532,64.33799,-163.78272,"CC-07","CC-07",16,19,"",14.2,13.4,91,"44","15","1"
-728,-19576,"BS",2019,94,201902,16,3,0,05-AUG-19,0.514,2.679,13.67,"Y",2.83,71,64.01394,63.99032,-163.76942,-163.78035,64.00213,-163.77489,"BB-07","BB-07",17,20,"",12.6,10.5,91,"44","15","1"
-728,-19577,"BS",2019,94,201902,17,3,0,05-AUG-19,0.518,2.731,14.609,"Y",2.652,71,64.0021,64.00287,-163.09207,-163.0364,64.00249,-163.06424,"BB-08","BB-08",17,20,"",14,10.7,91,"44","15","1"
-728,-19734,"BS",2019,94,201902,19,3,0,06-AUG-19,0.516,2.794,13.599,"Y",2.719,71,64.24656,64.24815,-163.1549,-163.09754,64.24736,-163.12622,"CC-08","CC-08",18,21,"",14.3,13.5,91,"44","15","2"
-728,-19735,"BS",2019,94,201902,20,3,0,06-AUG-19,0.517,2.924,14.365,"Y",2.696,71,64.33168,64.33116,-162.30487,-162.24454,64.33142,-162.27471,"CC-09","CC-09",16,19,"",15.4,14,91,"44","15","1"
-728,-19736,"BS",2019,94,201902,21,3,0,06-AUG-19,0.526,2.992,14.562,"Y",2.511,71,64.32452,64.3055,-161.58357,-161.53989,64.31501,-161.56173,"CC-10","CC-10",12,15,"",15.6,15.3,91,"44","15","1"
-728,-19737,"BS",2019,94,201902,22,3,0,06-AUG-19,0.528,2.828,15.479,"Y",1.839,71,64.0103,63.98487,-161.52865,-161.52652,63.99759,-161.52759,"BB-10","BB-10",17,19,"",14.9,14.2,91,"44","15","1"
-728,-19738,"BS",2019,94,201902,23,3,0,06-AUG-19,0.53,2.991,13.943,"Y",2.662,71,63.99902,63.99968,-162.28585,-162.34681,63.99935,-162.31633,"BB-09","BB-09",15,18,"",14.5,13,91,"44","15","1"
-728,-19744,"BS",2019,94,201902,25,3,0,07-AUG-19,0.524,2.745,13.34,"Y",2.884,71,63.66949,63.66875,-163.02229,-163.07757,63.66912,-163.04993,"AA-08","AA-08",12,15,"",14.8,13.9,91,"44","15","1"
-728,-19745,"BS",2019,94,201902,26,3,0,07-AUG-19,0.521,2.842,14.133,"Y",2.672,71,63.6639,63.66641,-163.78148,-163.83846,63.66516,-163.80997,"AA-07","AA-07",12,15,"",14.3,13.8,91,"44","15","1"
-728,-19747,"BS",2019,94,201902,28,3,0,07-AUG-19,0.536,3.163,14.466,"Y",2.615,71,63.67248,63.67454,-164.54212,-164.60569,63.67351,-164.57391,"AA-06","AA-06",9,12,"",13.1,13,91,"44","15","1"
-728,-19748,"BS",2019,94,201902,29,3,0,07-AUG-19,0.529,2.874,14.18,"Y",2.757,71,63.66492,63.66305,-165.27958,-165.33732,63.66399,-165.30845,"AA-05","AA-05",15,18,"",13.4,12,91,"44","15","1"
-728,-19749,"BS",2019,94,201902,30,3,0,08-AUG-19,0.53,2.96,15.593,"Y",2.157,71,63.3328,63.33041,-165.27648,-165.33519,63.33161,-165.30584,"ZZ-05","ZZ-05",13,15,"",14.1,13.3,91,"44","15","1"
-728,-19750,"BS",2019,94,201902,31,3,0,08-AUG-19,0.531,2.918,15.471,"Y",2.39,71,63.33477,63.33346,-166.00965,-166.06768,63.33412,-166.03867,"ZZ-04","ZZ-04",22,24,"",11.6,10.4,137,"44","15","1"
-728,-19752,"BS",2019,94,201902,33,3,0,08-AUG-19,0.524,2.742,15.415,"Y",2.708,71,63.34904,63.32439,-166.76549,-166.76821,63.33672,-166.76685,"ZZ-03","ZZ-03",24,27,"",9.2,6.9,137,"44","15","1"
-728,-19753,"BS",2019,94,201902,34,3,0,08-AUG-19,0.516,2.969,14.534,"Y",2.633,70,63.01326,62.98899,-166.02851,-166.00405,63.00113,-166.01628,"Y-04","Y-04",18,21,"",11.9,10.8,91,"44","15","1"
-728,-19759,"BS",2019,94,201902,35,3,0,09-AUG-19,0.524,2.799,15.676,"Y",2.518,70,63.0176,62.99496,-166.74338,-166.76748,63.00628,-166.75543,"Y-03","Y-03",26,29,"",10.9,9.1,137,"44","15","1"
-728,-19761,"BS",2019,94,201902,37,3,0,09-AUG-19,0.527,2.933,15.496,"Y",2.526,70,62.6729,62.65015,-166.73227,-166.76116,62.66153,-166.74672,"X-03","X-03",23,26,"",11.3,9.8,137,"44","15","1"
-728,-19762,"BS",2019,94,201902,38,3,0,09-AUG-19,0.512,2.742,14.568,"Y",2.587,70,62.3525,62.32827,-166.74211,-166.73215,62.34039,-166.73713,"W-03","W-03",20,23,"",12.3,11.6,91,"44","15","1"
-728,-19764,"BS",2019,94,201902,40,3,0,09-AUG-19,0.515,2.86,15.043,"Y",2.615,70,62.0176,61.99234,-166.69015,-166.70053,62.00497,-166.69534,"V-03","V-03",19,22,"",13,11.9,91,"44","15","1"
-728,-19772,"BS",2019,94,201902,41,3,0,10-AUG-19,0.528,2.8,15.384,"Y",2.396,70,61.97795,62.00295,-167.41862,-167.41198,61.99045,-167.4153,"V-02","V-02",24,26,"",11.1,10.4,137,"44","15","1"
-728,-19773,"BS",2019,94,201902,42,3,0,10-AUG-19,0.526,2.751,15.111,"Y",2.58,70,62.32335,62.34809,-167.43727,-167.43898,62.33572,-167.43813,"W-02","W-02",24,27,"",10.6,8.7,137,"44","15","1"
-728,-19774,"BS",2019,94,201902,43,3,0,10-AUG-19,0.52,2.855,14.978,"Y",2.449,70,62.65673,62.68238,-167.44767,-167.4505,62.66956,-167.44909,"X-02","X-02",27,29,"",9.1,7.9,137,"44","15","2"
-728,-19775,"BS",2019,94,201902,44,3,0,10-AUG-19,0.52,2.831,15.675,"Y",2.568,70,62.98615,63.01148,-167.48567,-167.49178,62.99882,-167.48873,"Y-02","Y-02",31,34,"",8.6,3.9,137,"44","15","2"
-728,-19776,"BS",2019,94,201902,45,3,1.12,10-AUG-19,0.431,2.367,16.368,"Y",2.443,71,63.33041,63.35166,-167.51502,-167.51201,63.34104,-167.51352,"ZZ-02","ZZ-02",31,33,"",9.2,3.6,137,"44","15","1"
-728,-19781,"BS",2019,94,201902,47,3,0,11-AUG-19,0.517,2.701,16.465,"Y",2.412,71,64.01062,63.98632,-166.81057,-166.81159,63.99847,-166.81108,"BB-03","BB-03",30,32,"",8.1,5.1,137,"44","15","1"
-728,-19782,"BS",2019,94,201902,48,3,0,11-AUG-19,0.523,2.8,16.137,"Y",2.553,71,63.678,63.65282,-166.7894,-166.78744,63.66541,-166.78842,"AA-03","AA-03",27,30,"",9,5.7,137,"44","15","1"
-728,-19783,"BS",2019,94,201902,49,3,0,11-AUG-19,0.524,2.835,16.528,"Y",2.534,71,63.66075,63.68616,-166.06117,-166.06608,63.67346,-166.06363,"AA-04","AA-04",24,27,"",11.9,10.2,137,"44","15","1"
-728,-19784,"BS",2019,94,201902,50,3,0,11-AUG-19,0.513,2.823,14.684,"Y",2.725,71,63.99075,64.01605,-166.05424,-166.05949,64.0034,-166.05687,"BB-04","BB-04",21,24,"",11.8,10.2,91,"44","15","1"
-728,-19792,"BS",2019,94,201902,51,3,0,13-AUG-19,0.523,2.797,16.468,"Y",1.931,71,63.6825,63.66579,-167.49157,-167.53373,63.67415,-167.51265,"AA-02","AA-02",27,29,"",7.8,4,137,"44","15","1"
-728,-19794,"BS",2019,94,201902,53,3,0,13-AUG-19,0.527,2.847,17.062,"Y",1.898,71,63.68253,63.66045,-168.2543,-168.2834,63.67149,-168.26885,"AA-01","AA-01",31,33,"",11.3,3.1,137,"44","15","1"
-728,-19795,"BS",2019,94,201902,54,3,0,13-AUG-19,0.527,2.914,16.861,"Y",2.14,71,63.35289,63.32948,-168.26484,-168.29096,63.34119,-168.2779,"ZZ-01","ZZ-01",31,33,"",6.5,2.3,137,"44","15","1"
-728,-19796,"BS",2019,94,201902,55,3,0,13-AUG-19,0.511,2.777,17.033,"Y",1.906,70,63.0183,62.99398,-168.21669,-168.20405,63.00614,-168.21037,"Y-01","Y-01",38,40,"",9.9,4.4,137,"44","15","1"
-728,-19843,"BS",2019,94,201902,57,3,0,14-AUG-19,0.513,2.763,16.554,"Y",2.485,70,62.88519,62.86036,-168.82755,-168.83022,62.87278,-168.82889,"Y-18","Y-18",37,39,"",7,2.1,137,"44","15","2"
-728,-19844,"BS",2019,94,201902,58,3,0,14-AUG-19,0.511,2.754,16.418,"Y",2.62,70,62.67784,62.66352,-168.86977,-168.91354,62.67068,-168.89166,"X-18","X-18",35,38,"",10.5,2.3,137,"44","15","2"
-728,-19797,"BS",2019,94,201902,59,3,0,15-AUG-19,0.518,2.886,16.51,"Y",2.306,70,62.68036,62.65546,-168.17886,-168.19487,62.66791,-168.18687,"X-01","X-01",32,34,"",9.9,5.7,137,"44","15","2"
-728,-19798,"BS",2019,94,201902,60,3,0,15-AUG-19,0.528,2.875,15.817,"Y",2.53,70,62.35588,62.33004,-168.14039,-168.1378,62.34296,-168.1391,"W-01","W-01",28,31,"",10.8,7.5,137,"44","15","1"
-728,-19799,"BS",2019,94,201902,61,3,0,15-AUG-19,0.517,2.892,16.427,"Y",2.409,70,62.34609,62.32563,-168.84859,-168.883,62.33586,-168.8658,"W-18","W-18",32,34,"",10.7,3.2,137,"44","15","2"
-728,-19800,"BS",2019,94,201902,62,3,0,15-AUG-19,0.513,2.771,16.913,"Y",2.324,70,62.01017,61.98564,-168.84183,-168.83252,61.99791,-168.83718,"V-18","V-18",34,36,"",11.3,4.8,137,"44","15","1"
-728,-19810,"BS",2019,94,201902,63,3,0,16-AUG-19,0.527,2.884,15.651,"Y",2.501,70,62.01081,61.98516,-168.12305,-168.13125,61.99799,-168.12715,"V-01","V-01",26,29,"",10.9,9.9,137,"44","15","1"
-728,-19811,"BS",2019,94,201902,64,3,0,16-AUG-19,0.525,2.918,16.31,"Y",2.366,70,61.67864,61.65256,-168.08705,-168.08068,61.6656,-168.08387,"U-01","U-01",27,29,"",10.7,10.6,137,"44","15","1"
-728,-19812,"BS",2019,94,201902,65,3,0,16-AUG-19,0.516,2.774,16.394,"Y",2.416,70,61.66567,61.66618,-168.77762,-168.82983,61.66593,-168.80373,"U-18","U-18",34,36,"",10.9,8.6,137,"44","15","1"
-728,-19813,"BS",2019,94,201902,66,3,0,16-AUG-19,0.521,2.801,16.051,"Y",2.529,70,61.3408,61.31564,-168.76756,-168.77044,61.32822,-168.769,"T-18","T-18",32,35,"",10.7,10.6,137,"44","15","1"
-728,-19814,"BS",2019,94,201902,67,3,0,17-AUG-19,0.524,2.785,16.186,"Y",2.346,70,61.329,61.33361,-168.11093,-168.05995,61.33131,-168.08544,"T-01","T-01",27,29,"",11.3,11.2,137,"44","15","1"
-728,-19815,"BS",2019,94,201902,68,3,0,17-AUG-19,0.513,2.82,14.86,"Y",2.715,70,61.33932,61.35001,-167.39129,-167.34364,61.34467,-167.36747,"T-02","T-02",21,24,"",12.6,12.5,91,"44","15","1"
-728,-19816,"BS",2019,94,201902,69,3,0,17-AUG-19,0.514,2.899,14.986,"Y",2.575,70,61.65455,61.67902,-167.39978,-167.38087,61.66679,-167.39033,"U-02","U-02",22,25,"",11.8,11.6,91,"44","15","1"
-728,-19817,"BS",2019,94,201902,70,3,0,17-AUG-19,0.518,2.729,14.917,"Y",2.709,70,61.6592,61.63597,-166.74304,-166.72638,61.64759,-166.73471,"U-03","U-03",19,22,"",13.6,12.9,91,"44","15","1"
-728,-19828,"BS",2019,94,201902,72,3,0,18-AUG-19,0.54,3.057,14.122,"Y",3.015,70,61.34322,61.31655,-166.67566,-166.68962,61.32989,-166.68264,"T-03","T-03",11,14,"",13.8,13.5,91,"44","15","1"
-728,-19829,"BS",2019,94,201902,73,3,0,18-AUG-19,0.537,3.009,14.222,"Y",2.917,70,61.0111,60.98407,-166.64916,-166.64571,60.99759,-166.64744,"S-03","S-03",15,18,"",14.2,14,91,"44","15","1"
-728,-19830,"BS",2019,94,201902,74,3,0,18-AUG-19,0.52,2.806,14.544,"Y",2.734,70,60.67659,60.65542,-166.6225,-166.65039,60.66601,-166.63645,"R-03","R-03",17,20,"",13.9,13.4,91,"44","15","1"
-728,-19831,"BS",2019,94,201902,75,3,0,18-AUG-19,0.529,3.032,15.828,"Y",2.413,70,60.66506,60.66194,-167.30258,-167.3575,60.6635,-167.33004,"R-02","R-02",23,25,"",12.8,12.5,137,"44","15","1"
-728,-19836,"BS",2019,94,201902,76,3,0,19-AUG-19,0.525,2.958,14.786,"Y",2.701,70,61.00198,60.99937,-167.3394,-167.39364,61.00068,-167.36652,"S-02","S-02",20,23,"",12.5,12.6,91,"44","15","1"
-728,-19837,"BS",2019,94,201902,77,3,0,19-AUG-19,0.527,2.801,15.754,"Y",2.551,70,60.99756,60.99955,-168.01011,-168.06156,60.99856,-168.03584,"S-01","S-01",27,30,"",11.9,11.9,137,"44","15","1"
-728,-19838,"BS",2019,94,201902,78,3,0,19-AUG-19,0.515,2.739,15.432,"Y",2.352,70,60.99762,60.99688,-168.68906,-168.73951,60.99725,-168.71429,"S-18","S-18",34,36,"",11.7,10.8,137,"44","15","1"
-728,-19839,"BS",2019,94,201902,79,3,0,19-AUG-19,0.525,2.921,15.479,"Y",2.571,70,60.6782,60.65223,-168.01839,-168.02662,60.66522,-168.02251,"R-01","R-01",27,30,"",12.2,12,137,"44","15","1"
-728,-19845,"BS",2019,94,201902,80,3,0,20-AUG-19,0.516,2.925,16.235,"Y",2.37,70,60.66753,60.66724,-168.67325,-168.72659,60.66739,-168.69992,"R-18","R-18",34,36,"",11.3,10.6,137,"44","15","1"
-728,-19846,"BS",2019,94,201902,81,3,0,20-AUG-19,0.509,2.667,16.061,"Y",2.407,70,60.67605,60.66173,-169.34569,-169.38473,60.66889,-169.36521,"R-19","R-19",40,42,"",11.3,7.5,137,"44","15","1"
-729,-19485,"BS",2019,162,201902,1,3,0,28-JUL-19,0.502,2.741,18.719,"Y",2.578,81,62.30649,62.32673,-175.3341,-175.30397,62.31661,-175.31904,"W-27","W-27",77,80,"",10.3,0.2,274,"44","15","1"
-729,-19486,"BS",2019,162,201902,2,3,0,29-JUL-19,0.495,2.707,17.93,"Y",2.643,81,62.33363,62.33661,-174.59758,-174.54587,62.33512,-174.57173,"W-26","W-26",68,71,"",10.3,-0.5,229,"44","15","1"
-729,-19487,"BS",2019,162,201902,3,3,0,29-JUL-19,0.503,2.773,17.924,"Y",2.681,81,62.3338,62.33469,-173.89003,-173.83671,62.33425,-173.86337,"W-25","W-25",61,64,"",10.2,0.3,229,"44","15","1"
-729,-19488,"BS",2019,162,201902,4,3,0,29-JUL-19,0.506,2.768,18.037,"Y",2.59,81,62.33432,62.33563,-173.18268,-173.12949,62.33498,-173.15609,"W-24","W-24",56,59,"",10.4,0.6,229,"44","15","1"
-729,-19489,"BS",2019,162,201902,5,3,0,29-JUL-19,0.497,2.708,17.219,"Y",2.737,81,62.33659,62.31981,-172.47037,-172.43258,62.3282,-172.45148,"W-23","W-23",52,55,"",10.8,0.5,183,"44","15","2"
-729,-19490,"BS",2019,162,201902,6,3,0,29-JUL-19,0.489,2.717,16.946,"Y",2.811,81,62.02148,61.99734,-172.37513,-172.36694,62.00941,-172.37104,"V-23","V-23",53,56,"",10.7,0.6,183,"44","15","1"
-729,-19491,"BS",2019,162,201902,7,3,0,30-JUL-19,0.5,2.717,17.431,"Y",2.692,70,61.97314,61.99733,-171.65201,-171.6596,61.98524,-171.65581,"V-22","V-22",50,53,"",10.8,0.8,183,"44","15","1"
-729,-19492,"BS",2019,162,201902,8,3,0,30-JUL-19,0.503,2.763,16.659,"Y",2.891,81,62.3127,62.33129,-171.72417,-171.6889,62.322,-171.70654,"W-22","W-22",44,47,"",10.6,0.7,183,"44","15","2"
-729,-19493,"BS",2019,162,201902,9,3,0,30-JUL-19,0.505,2.756,17.212,"Y",2.919,70,62.34143,62.33503,-171.07285,-171.02161,62.33823,-171.04723,"W-21","W-21",40,43,"",10.9,0.7,183,"44","15","1"
-729,-19494,"BS",2019,162,201902,10,3,0,30-JUL-19,0.501,2.737,17.365,"Y",2.794,70,62.01016,61.9857,-170.98117,-170.97512,61.99793,-170.97815,"V-21","V-21",47,50,"",10.9,0.7,183,"44","15","1"
-729,-19505,"BS",2019,162,201902,11,3,0,04-AUG-19,0.533,2.951,15.73,"Y",2.822,71,64.33135,64.3342,-166.01553,-166.07606,64.33278,-166.0458,"CC-04","CC-04",20,23,"",12.4,12.3,137,"44","15","1"
-729,-19506,"BS",2019,162,201902,12,3,0,04-AUG-19,0.514,2.774,15.543,"Y",2.903,71,64.32683,64.35114,-166.82669,-166.83969,64.33899,-166.83319,"CC-03","CC-03",27,30,"",12.2,11.2,137,"44","15","1"
-729,-19507,"BS",2019,162,201902,13,3,0,04-AUG-19,0.519,2.853,14.38,"Y",3.281,71,64.64538,64.66917,-166.8071,-166.82952,64.65728,-166.81831,"DD-03","DD-03",22,25,"",12.8,11.9,137,"44","15","1"
-729,-19579,"BS",2019,162,201902,14,3,0,05-AUG-19,0.512,2.787,14.936,"Y",3.404,71,64.66144,64.68635,-167.60254,-167.60933,64.6739,-167.60594,"DD-02","DD-02",27,30,"",8.8,8.5,137,"44","15","1"
-729,-19580,"BS",2019,162,201902,15,3,0,05-AUG-19,0.508,2.745,15.109,"Y",3.183,71,64.99464,65.01757,-167.63304,-167.65465,65.00611,-167.64385,"EE-02","EE-02",31,34,"",10.8,9.9,137,"44","15","1"
-729,-19581,"BS",2019,162,201902,16,3,0,05-AUG-19,0.505,2.714,15.066,"Y",3.102,71,65.29108,65.31384,-167.65873,-167.6798,65.30246,-167.66927,"FF-02","FF-02",35,38,"",10.3,9.6,137,"44","15","2"
-729,-19582,"BS",2019,162,201902,17,3,0,05-AUG-19,0.497,2.725,16.679,"Y",2.931,71,65.33323,65.3368,-168.3589,-168.41667,65.33502,-168.38779,"FF-01","FF-01",50,53,"",10.6,3.9,183,"44","15","1"
-729,-19583,"BS",2019,162,201902,18,3,2.4,05-AUG-19,0.499,2.751,15.11,"Y",3.112,71,65.23569,65.21224,-168.89503,-168.91384,65.22397,-168.90444,"FF-18","FF-18",50,53,"",7.5,2.1,183,"44","15","2"
-729,-19730,"BS",2019,162,201902,19,3,0,06-AUG-19,0.505,2.699,16.411,"Y",3.117,71,65.00346,65.01992,-169.92351,-169.88152,65.01169,-169.90252,"EE-19","EE-19",47,50,"",3.9,2.8,183,"44","15","1"
-729,-19731,"BS",2019,162,201902,20,3,0,06-AUG-19,0.508,2.784,17.272,"Y",2.798,71,65.00613,65.01885,-169.14027,-169.08951,65.01249,-169.11489,"EE-18","EE-18",46,49,"",4.7,2.3,183,"44","15","2"
-729,-19732,"BS",2019,162,201902,21,3,0,06-AUG-19,0.52,2.901,15.222,"Y",3.176,71,65.01327,64.98721,-168.35982,-168.36314,65.00024,-168.36148,"EE-01","EE-01",42,45,"",10.8,3.7,183,"44","15","2"
-729,-19733,"BS",2019,162,201902,22,3,0,06-AUG-19,0.497,2.746,14.056,"Y",3.632,71,64.67403,64.65217,-168.36262,-168.33583,64.6631,-168.34923,"DD-01","DD-01",37,41,"",9.2,2.1,137,"44","15","1"
-729,-19739,"BS",2019,162,201902,23,3,0,07-AUG-19,0.498,2.718,14.294,"Y",3.341,71,64.32949,64.33005,-168.34927,-168.29321,64.32977,-168.32124,"CC-01","CC-01",37,40,"",11.3,3.4,137,"44","15","2"
-729,-19740,"BS",2019,162,201902,24,3,0,07-AUG-19,0.513,2.794,14.004,"Y",3.229,71,64.32765,64.30839,-167.63153,-167.59449,64.31802,-167.61301,"CC-02","CC-02",28,31,"",8.6,5.5,137,"44","15","1"
-729,-19741,"BS",2019,162,201902,25,3,0,07-AUG-19,0.504,2.833,14.736,"Y",3.039,71,64.00734,63.99654,-167.54238,-167.59471,64.00194,-167.56855,"BB-02","BB-02",32,35,"",8.7,4,137,"44","15","2"
-729,-19742,"BS",2019,162,201902,26,3,0,07-AUG-19,0.506,2.774,15.115,"Y",3.116,71,64.01826,64.00266,-168.25523,-168.2994,64.01046,-168.27732,"BB-01","BB-01",33,37,"",11.8,3,137,"44","15","1"
-729,-19755,"BS",2019,162,201902,28,3,0,08-AUG-19,0.512,2.857,14.998,"Y",3.209,71,63.67969,63.65536,-168.99857,-169.01712,63.66753,-169.00785,"AA-18","AA-18",33,36,"",10.4,6.3,137,"44","15","2"
-729,-19756,"BS",2019,162,201902,29,3,4.1,08-AUG-19,0.495,2.674,15.017,"Y",3.219,71,63.64422,63.6681,-169.75133,-169.75784,63.65616,-169.75459,"AA-19","AA-19",36,39,"",10.2,7.2,137,"44","15","1"
-729,-19757,"BS",2019,162,201902,30,3,0,08-AUG-19,0.509,2.77,14.726,"Y",3.443,71,63.97691,64,-169.76691,-169.78813,63.98846,-169.77752,"BB-19","BB-19",32,35,"",8.8,3.3,137,"44","15","2"
-729,-19758,"BS",2019,162,201902,31,3,0,08-AUG-19,0.512,2.86,15.118,"Y",3.867,71,64.29052,64.31613,-169.82172,-169.82754,64.30333,-169.82463,"CC-19","CC-19",35,39,"",8.9,2.6,137,"44","15","1"
-729,-19765,"BS",2019,162,201902,32,3,0,09-AUG-19,0.502,2.764,14.491,"Y",3.347,71,64.31723,64.34192,-169.07303,-169.08004,64.32958,-169.07654,"CC-18","CC-18",37,40,"",8.8,2.4,137,"44","15","1"
-729,-19766,"BS",2019,162,201902,33,3,1.12,09-AUG-19,0.281,1.533,16.345,"Y",2.961,71,64.65492,64.66534,-169.11008,-169.13103,64.66013,-169.12056,"DD-18","DD-18",41,44,"",8.4,2.2,183,"44","15","1"
-729,-19767,"BS",2019,162,201902,34,3,0,09-AUG-19,0.516,2.875,16.33,"Y",2.966,71,64.65048,64.67354,-169.87195,-169.89917,64.66201,-169.88556,"DD-19","DD-19",44,47,"",3.6,1.8,183,"44","15","1"
-729,-19768,"BS",2019,162,201902,35,3,0,10-AUG-19,0.514,2.852,17.056,"Y",2.71,71,64.64478,64.62434,-170.62317,-170.58714,64.63456,-170.60516,"DD-20","DD-20",45,48,"",2.7,2.7,183,"44","15","1"
-729,-19769,"BS",2019,162,201902,36,3,0,10-AUG-19,0.503,2.8,15.154,"Y",3.222,71,64.34217,64.31803,-170.58329,-170.59989,64.3301,-170.59159,"CC-20","CC-20",34,37,"",7.3,1.9,137,"44","15","1"
-729,-19770,"BS",2019,162,201902,37,3,0,10-AUG-19,0.506,2.817,14.896,"Y",3.005,71,64.24084,64.22423,-171.08231,-171.12608,64.23254,-171.1042,"CC-21","CC-21",37,40,"",10.2,2,137,"44","15","2"
-729,-19771,"BS",2019,162,201902,38,3,0,10-AUG-19,0.509,2.834,15.346,"Y",3.138,71,64.00583,63.98034,-170.55877,-170.56047,63.99309,-170.55962,"BB-20","BB-20",26,29,"",10.4,4.4,137,"44","15","2"
-729,-19777,"BS",2019,162,201902,39,3,0,11-AUG-19,0.275,1.524,15.318,"Y",3.178,71,63.69896,63.70025,-171.05009,-171.01949,63.69961,-171.03479,"AA-21","AA-21",18,21,"",10.8,8.3,137,"44","15","1"
-729,-19778,"BS",2019,162,201902,40,3,0,11-AUG-19,0.513,2.785,15.233,"Y",2.831,71,64.03936,64.05992,-171.36943,-171.33694,64.04964,-171.35319,"BB-21","BB-21",29,32,"",10.6,3.8,137,"44","15","2"
-729,-19779,"BS",2019,162,201902,41,3,0,11-AUG-19,0.347,1.911,17.397,"Y",2.752,71,64.0086,63.9945,-171.99587,-172.01817,64.00155,-172.00702,"BB-22","BB-22",50,53,"",10.6,1.5,183,"44","15","1"
-729,-19847,"BS",2019,162,201902,42,3,0,13-AUG-19,0.521,2.878,17.12,"Y",2.892,81,63.65857,63.66463,-172.74934,-172.69299,63.6616,-172.72117,"AA-23","AA-23",53,56,"",9.8,0.3,229,"44","15","1"
-729,-19848,"BS",2019,162,201902,43,3,1.12,13-AUG-19,0.227,1.093,16.343,"Y",2.842,70,63.70331,63.69347,-172.06156,-172.06133,63.69839,-172.06145,"AA-22","AA-22",35,35,"",10.8,0.7,137,"44","15","1"
-729,-19849,"BS",2019,162,201902,44,3,1.12,13-AUG-19,0.48,2.615,17.655,"Y",2.741,70,63.30671,63.29328,-172.00566,-171.96295,63.3,-171.98431,"ZZ-22","ZZ-22",56,59,"",10.6,0.6,229,"44","15","1"
-729,-19850,"BS",2019,162,201902,45,3,0,13-AUG-19,0.517,2.836,17.73,"Y",2.467,81,63.32958,63.33668,-172.62054,-172.67475,63.33313,-172.64765,"ZZ-23","ZZ-23",61,63,"",10.7,0.4,229,"44","15","1"
-729,-19851,"BS",2019,162,201902,46,3,0,13-AUG-19,0.505,2.798,17.869,"Y",2.601,81,63.33568,63.33815,-173.37831,-173.43376,63.33692,-173.40604,"ZZ-24","ZZ-24",68,71,"",10.9,0,229,"44","15","1"
-729,-19786,"BS",2019,162,201902,47,3,0,14-AUG-19,0.511,2.791,17.876,"Y",2.613,81,63.03515,63.01057,-172.6095,-172.59814,63.02286,-172.60382,"Y-23","Y-23",59,62,"",10.2,-0.5,229,"44","15","1"
-729,-19788,"BS",2019,162,201902,49,3,0,14-AUG-19,0.507,2.801,17.815,"Y",2.697,81,63.02231,62.99868,-173.2834,-173.30261,63.0105,-173.29301,"Y-24","Y-24",67,70,"",10.1,-0.6,229,"44","15","1"
-729,-19789,"BS",2019,162,201902,50,3,0,14-AUG-19,0.516,2.844,21.184,"Y",2.932,81,63.00002,63.00345,-173.97988,-174.03532,63.00174,-174.0076,"Y-25","Y-25",71,74,"",11.1,-0.2,274,"44","15","1"
-729,-19791,"BS",2019,162,201902,52,3,0,14-AUG-19,0.524,2.894,18.466,"Y",2.637,81,62.67695,62.66247,-174.60709,-174.65391,62.66971,-174.6305,"X-26","X-26",71,74,"",10.6,-0.1,274,"44","15","1"
-729,-19801,"BS",2019,162,201902,53,3,0,15-AUG-19,0.495,2.684,19.455,"Y",2.37,81,62.6431,62.66724,-173.90832,-173.9102,62.65517,-173.90926,"X-25","X-25",67,69,"",10.1,-0.5,229,"44","15","1"
-729,-19802,"BS",2019,162,201902,54,3,0,15-AUG-19,0.509,2.764,18.435,"Y",2.549,81,62.67963,62.65507,-173.19498,-173.18654,62.66735,-173.19076,"X-24","X-24",62,65,"",10.3,0.1,229,"44","15","1"
-729,-19803,"BS",2019,162,201902,55,3,0,15-AUG-19,0.5,2.734,16.889,"Y",2.433,81,62.66838,62.66915,-172.53545,-172.48226,62.66877,-172.50886,"X-23","X-23",53,55,"",10.3,0.8,183,"44","15","2"
-729,-19804,"BS",2019,162,201902,56,3,0,15-AUG-19,0.512,2.76,16.767,"Y",2.837,70,62.66478,62.662,-171.84878,-171.79542,62.66339,-171.8221,"X-22","X-22",47,50,"",10,0.8,183,"44","15","2"
-729,-19805,"BS",2019,162,201902,57,3,0,15-AUG-19,0.503,2.76,17.005,"Y",2.566,70,62.9616,62.98641,-171.80499,-171.8077,62.97401,-171.80635,"Y-22","Y-22",50,53,"",10.6,-0.6,183,"44","15","2"
-729,-19806,"BS",2019,162,201902,58,3,4.1,16-AUG-19,0.262,1.406,16.9,"Y",2.752,70,63.27878,63.26739,-171.12961,-171.1174,63.27309,-171.12351,"ZZ-21","ZZ-21",30,31,"",7.5,1.3,137,"44","15","1"
-729,-19807,"BS",2019,162,201902,59,3,0,16-AUG-19,0.519,2.825,16.648,"Y",2.784,70,63.01457,62.98971,-171.12647,-171.13807,63.00214,-171.13227,"Y-21","Y-21",45,48,"",9.8,-0.5,183,"44","15","2"
-729,-19808,"BS",2019,162,201902,60,3,0,16-AUG-19,0.506,2.775,15.252,"Y",3.08,70,62.95381,62.94534,-170.52061,-170.46932,62.94958,-170.49497,"Y-20","Y-20",39,40,"",9.5,-0.2,137,"44","15","2"
-729,-19809,"BS",2019,162,201902,61,3,0,16-AUG-19,0.523,2.867,16.631,"Y",2.952,70,62.68828,62.66305,-171.09095,-171.1026,62.67567,-171.09678,"X-21","X-21",42,45,"",9.7,0.5,183,"44","15","2"
-729,-19818,"BS",2019,162,201902,62,3,0,17-AUG-19,0.499,2.723,15.43,"Y",3.036,70,62.67244,62.67132,-170.35641,-170.30346,62.67188,-170.32994,"X-20","X-20",40,40,"",10,0.2,137,"44","15","2"
-729,-19819,"BS",2019,162,201902,63,3,0,17-AUG-19,0.502,2.747,15.51,"Y",3.017,70,62.67695,62.66428,-169.6703,-169.62439,62.67062,-169.64735,"X-19","X-19",38,38,"",10,1.1,137,"44","15","2"
-729,-19820,"BS",2019,162,201902,64,3,0,17-AUG-19,0.51,2.804,15.931,"Y",2.869,70,62.35878,62.33377,-169.59355,-169.58654,62.34628,-169.59005,"W-19","W-19",33,36,"",10.6,2.7,137,"44","15","1"
-729,-19821,"BS",2019,162,201902,65,3,0,17-AUG-19,0.499,2.784,15.589,"Y",3.092,70,62.32116,62.3339,-170.25895,-170.30504,62.32753,-170.282,"W-20","W-20",38,41,"",10.7,2.6,137,"44","15","2"
-729,-19822,"BS",2019,162,201902,66,3,0,18-AUG-19,0.521,2.844,16.583,"Y",2.827,70,61.99812,61.99458,-170.26904,-170.21544,61.99635,-170.24224,"V-20","V-20",44,47,"",11.3,1.6,183,"44","15","1"
-729,-19823,"BS",2019,162,201902,67,3,0,18-AUG-19,0.524,2.926,16.464,"Y",2.866,70,61.99596,61.98811,-169.58631,-169.53318,61.99204,-169.55975,"V-19","V-19",39,42,"",11.3,2.4,183,"44","15","2"
-729,-19824,"BS",2019,162,201902,68,3,0,18-AUG-19,0.506,2.816,14.976,"Y",3.035,70,61.68279,61.65999,-169.49552,-169.51865,61.67139,-169.50709,"U-19","U-19",38,41,"",11.5,5.5,137,"44","15","1"
-729,-19825,"BS",2019,162,201902,69,3,0,18-AUG-19,0.517,2.874,16.36,"Y",2.751,70,61.6742,61.65477,-170.16011,-170.19582,61.66449,-170.17797,"U-20","U-20",43,46,"",11.5,2.5,183,"44","15","2"
-729,-19826,"BS",2019,162,201902,70,3,0,18-AUG-19,0.52,2.82,15.995,"Y",2.574,70,61.34999,61.32485,-170.17054,-170.17774,61.33742,-170.17414,"T-20","T-20",44,47,"",11.9,3.8,183,"44","15","2"
-729,-19832,"BS",2019,162,201902,71,3,0,19-AUG-19,0.506,2.777,14.305,"Y",3.187,70,61.33962,61.31506,-169.4601,-169.46963,61.32734,-169.46487,"T-19","T-19",37,40,"",11.5,8.7,137,"44","15","1"
-729,-19833,"BS",2019,162,201902,72,3,0,19-AUG-19,0.503,2.784,14.193,"Y",3.041,70,61.01003,60.98803,-169.40997,-169.43455,60.99903,-169.42226,"S-19","S-19",38,41,"",11.5,6.3,137,"44","15","1"
-729,-19834,"BS",2019,162,201902,73,3,0,19-AUG-19,0.518,2.859,16.149,"Y",2.666,70,60.99273,60.99174,-170.0469,-170.09954,60.99224,-170.07322,"S-20","S-20",45,48,"",11.5,4.1,183,"44","15","2"
-729,-19835,"BS",2019,162,201902,74,3,0,19-AUG-19,0.513,2.823,16.614,"Y",2.641,81,60.99418,60.99109,-170.74406,-170.79569,60.99264,-170.76988,"S-21","S-21",51,54,"",11.6,2.9,183,"44","15","2"
-729,-19840,"BS",2019,162,201902,75,3,0,20-AUG-19,0.528,2.83,17.386,"Y",2.557,81,60.68104,60.66045,-170.78346,-170.75308,60.67075,-170.76827,"R-21","R-21",56,59,"",11.5,3.1,229,"44","15","2"
-729,-19841,"BS",2019,162,201902,76,3,0,20-AUG-19,0.515,2.821,16.999,"Y",2.574,70,60.67623,60.65606,-170.10849,-170.07724,60.66615,-170.09287,"R-20","R-20",47,50,"",11.6,4.2,183,"44","15","2"
-729,-19754,"BS",2019,162,201902,27,3,0,08-AUG-19,0.502,2.777,16.638,"Y",2.526,71,63.95853,63.95821,-169.0653,-169.00879,63.95837,-169.03705,"BB-18","BB-18",32,35,"",8.7,3.1,137,"44","15","1"
-718,-17384,"BS",2017,162,201702,46,3,2.1,20-AUG-17,0.32,1.67,15.303,"Y",3.109,70,63.70417,63.68913,-172.10475,-172.10431,63.69665,-172.10453,"AA-22","AA-22",37,40,"",7.2,2.5,137,"44","15","2"
-718,-17385,"BS",2017,162,201702,47,3,4.1,20-AUG-17,0.512,2.832,15.268,"Y",2.7,71,63.99258,64.00579,-172.05101,-172.00165,63.99919,-172.02633,"BB-22","BB-22",51,54,"",8.9,1.2,183,"44","15","12"
-718,-17386,"BS",2017,162,201702,48,3,0,20-AUG-17,0.459,2.541,13.862,"Y",2.536,71,64.05312,64.03592,-171.3413,-171.37549,64.04452,-171.3584,"BB-21","BB-21",30,33,"",9,5.1,137,"44","15","1"
-718,-17396,"BS",2017,162,201702,53,3,1.12,22-AUG-17,0.273,1.46,16.175,"Y",2.446,71,64.61188,64.62476,-170.68475,-170.69074,64.61832,-170.68775,"DD-20","DD-20",45,47,"",8.7,2.6,183,"44","15","2"
-718,-17397,"BS",2017,162,201702,54,3,0,22-AUG-17,0.527,2.867,16.085,"Y",2.315,71,64.64471,64.66777,-169.89549,-169.92233,64.65624,-169.90891,"DD-19","DD-19",45,47,"",4.7,3.1,183,"44","15","2"
-718,-17398,"BS",2017,162,201702,55,3,0,22-AUG-17,0.517,2.882,16.17,"Y",2.47,71,65.01595,64.99973,-169.88722,-169.93481,65.00784,-169.91102,"EE-19","EE-19",48,50,"",5.7,3,183,"44","15","1"
-718,-17399,"BS",2017,162,201702,56,3,0,22-AUG-17,0.521,2.858,15.69,"Y",2.4,71,65.02583,65.0086,-169.09796,-169.1429,65.01722,-169.12043,"EE-18","EE-18",47,49,"",6,4,183,"44","15","2"
-718,-17400,"BS",2017,162,201702,57,3,0,22-AUG-17,0.515,2.828,14.909,"Y",2.733,71,65.23036,65.20492,-168.89476,-168.89472,65.21764,-168.89474,"FF-18","FF-18",51,54,"",4.9,4,183,"44","15","2"
-718,-17408,"BS",2017,162,201702,58,3,6.41,24-AUG-17,0.29,1.559,15.622,"Y",2.994,71,64.31684,64.33088,-167.57655,-167.57576,64.32386,-167.57616,"CC-02","CC-02",28,31,"",9.9,3.8,137,"44","15","1"
-718,-17409,"BS",2017,162,201702,59,3,0,25-AUG-17,0.522,2.895,15.543,"Y",2.738,71,64.71738,64.69134,-167.60807,-167.60615,64.70436,-167.60711,"DD-02","DD-02",27,30,"",7.9,4.7,137,"44","15","1"
-718,-17410,"BS",2017,162,201702,60,3,0,25-AUG-17,0.524,2.97,14.626,"Y",2.53,71,64.98148,64.95894,-167.61734,-167.58363,64.97021,-167.60049,"EE-02","EE-02",30,33,"",6.4,3.4,137,"44","15","2"
-718,-17411,"BS",2017,162,201702,61,3,0,25-AUG-17,0.522,2.919,14.458,"Y",2.831,71,65.26942,65.24453,-167.87927,-167.85936,65.25698,-167.86932,"FF-02","FF-02",30,33,"",7.3,3.4,137,"44","15","2"
-718,-17412,"BS",2017,162,201702,62,3,0,25-AUG-17,0.514,2.823,15.583,"Y",2.204,71,65.33807,65.31375,-168.37856,-168.36105,65.32591,-168.36981,"FF-01","FF-01",51,53,"",6.2,3.7,183,"44","15","2"
-718,-17413,"BS",2017,162,201702,63,3,0,26-AUG-17,0.525,2.884,15.261,"Y",2.382,71,65.0139,64.98796,-168.34379,-168.34618,65.00093,-168.34499,"EE-01","EE-01",42,44,"",4.3,3.2,183,"44","15","2"
-718,-17414,"BS",2017,162,201702,64,3,0,26-AUG-17,0.53,2.916,16.316,"Y",2.17,71,64.66028,64.64223,-169.14002,-169.18421,64.65126,-169.16212,"DD-18","DD-18",41,43,"",4.9,2.9,183,"44","15","2"
-718,-17415,"BS",2017,162,201702,65,3,0,26-AUG-17,0.51,2.898,14.615,"Y",2.786,71,64.67169,64.64823,-168.36794,-168.34148,64.65996,-168.35471,"DD-01","DD-01",37,40,"",6.6,2.8,137,"44","15","2"
-718,-17416,"BS",2017,162,201702,66,3,0,26-AUG-17,0.513,2.806,14.515,"Y",2.983,71,64.34105,64.31725,-168.32584,-168.3452,64.32915,-168.33552,"CC-01","CC-01",37,40,"",7.2,4.2,137,"44","15","2"
-718,-17421,"BS",2017,162,201702,67,3,0,27-AUG-17,0.511,2.775,14.146,"Y",2.822,71,64.30449,64.28241,-169.12555,-169.15228,64.29345,-169.13892,"CC-18","CC-18",37,40,"",6.6,5.3,137,"44","15","1"
-718,-17422,"BS",2017,162,201702,68,3,0,27-AUG-17,0.518,2.836,13.625,"Y",2.95,71,64.02027,63.99513,-169.04763,-169.05759,64.0077,-169.05261,"BB-18","BB-18",32,35,"",6,5.8,137,"44","15","1"
-718,-17423,"BS",2017,162,201702,69,3,0,27-AUG-17,0.508,2.846,14.7,"Y",2.67,71,64.00349,63.98267,-169.81069,-169.77689,63.99308,-169.79379,"BB-19","BB-19",32,35,"",7.2,7.3,137,"44","15","2"
-718,-17424,"BS",2017,162,201702,70,3,0,27-AUG-17,0.512,2.886,14.492,"Y",2.587,71,63.67893,63.65321,-169.75783,-169.74983,63.66607,-169.75383,"AA-19","AA-19",37,40,"",8,7.7,137,"44","15","1"
-718,-17425,"BS",2017,162,201702,71,3,0,27-AUG-17,0.521,2.855,14,"Y",3,71,63.68148,63.65873,-169.00066,-169.02742,63.67011,-169.01404,"AA-18","AA-18",33,36,"",7.1,6.5,137,"44","15","1"
-718,-17427,"BS",2017,162,201702,72,3,0,28-AUG-17,0.516,2.817,13.163,"Y",3.015,71,64.01933,63.99408,-168.29667,-168.29175,64.00671,-168.29421,"BB-01","BB-01",33,36,"",8.3,5.6,137,"44","15","1"
-718,-17428,"BS",2017,162,201702,73,3,0,28-AUG-17,0.519,2.88,13.393,"Y",4.599,71,64.04112,64.01536,-167.56903,-167.56255,64.02824,-167.56579,"BB-02","BB-02",32,37,"",7.8,4.8,137,"44","15","2"
-718,-17429,"BS",2017,162,201702,74,3,0,28-AUG-17,0.527,2.971,14.052,"Y",2.642,71,63.67909,63.65247,-167.52507,-167.53063,63.66578,-167.52785,"AA-02","AA-02",26,29,"",9.6,5.8,137,"44","15","2"
-718,-17430,"BS",2017,162,201702,75,3,0,28-AUG-17,0.52,2.885,14.518,"Y",2.691,71,63.67996,63.65912,-168.29533,-168.26067,63.66954,-168.278,"AA-01","AA-01",30,33,"",9.3,6.5,137,"44","15","1"
-718,-17431,"BS",2017,162,201702,76,3,0,29-AUG-17,0.488,2.687,14.572,"Y",2.956,70,63.01667,62.99479,-168.23427,-168.21176,63.00573,-168.22302,"Y-01","Y-01",37,40,"",9.2,7.7,137,"44","15","1"
-718,-17432,"BS",2017,162,201702,77,3,0,29-AUG-17,0.519,2.896,14.255,"Y",3.081,71,63.33784,63.31197,-168.24018,-168.24693,63.32491,-168.24356,"ZZ-01","ZZ-01",24,27,"",9.6,7.8,137,"44","15","1"
-718,-17433,"BS",2017,162,201702,78,3,0,29-AUG-17,0.516,2.872,14.648,"Y",2.879,71,63.34345,63.31776,-167.5048,-167.51123,63.33061,-167.50802,"ZZ-02","ZZ-02",30,33,"",10.4,6.4,137,"44","15","1"
-718,-17434,"BS",2017,162,201702,79,3,0,29-AUG-17,0.513,2.884,14.791,"Y",2.778,70,63.01222,62.98627,-167.48381,-167.48421,62.99925,-167.48401,"Y-02","Y-02",31,34,"",9.6,6.7,137,"44","15","1"
-718,-17435,"BS",2017,162,201702,80,3,0,31-AUG-17,0.509,2.855,14.456,"Y",3.021,70,62.67099,62.6454,-168.18372,-168.18875,62.6582,-168.18624,"X-01","X-01",31,34,"",8.5,7.9,137,"44","15","1"
-718,-17436,"BS",2017,162,201702,81,3,0,31-AUG-17,0.517,2.883,14.764,"Y",2.961,70,62.34583,62.32154,-168.16441,-168.14495,62.33369,-168.15468,"W-01","W-01",28,31,"",8.4,8.2,137,"44","15","1"
-718,-17437,"BS",2017,162,201702,82,3,0,31-AUG-17,0.521,2.876,14.666,"Y",2.991,70,62.67498,62.64912,-167.47073,-167.46867,62.66205,-167.4697,"X-02","X-02",25,28,"",9,7.6,137,"44","15","1"
-718,-17438,"BS",2017,162,201702,83,3,0,31-AUG-17,0.519,2.871,14.603,"Y",2.993,70,62.3517,62.32595,-167.43943,-167.435,62.33883,-167.43722,"W-02","W-02",24,27,"",8.9,8.4,137,"44","15","1"
-718,-17439,"BS",2017,162,201702,88,3,0,02-SEP-17,0.521,2.902,14.475,"Y",2.778,70,61.01858,60.99265,-168.03206,-168.03831,61.00562,-168.03519,"S-01","S-01",27,30,"",10.1,9.3,137,"44","15","1"
-718,-17440,"BS",2017,162,201702,89,3,0,02-SEP-17,0.521,2.916,14.223,"Y",2.885,70,60.6848,60.65939,-168.00995,-168.02313,60.6721,-168.01654,"R-01","R-01",26,29,"",10,10.2,137,"44","15","1"
-718,-17441,"BS",2017,162,201702,84,3,0,01-SEP-17,0.524,2.942,15.145,"Y",3,70,62.00059,61.99974,-167.41451,-167.47048,62.00017,-167.4425,"V-02","V-02",23,26,"",9.4,7.9,137,"44","15","1"
-718,-17442,"BS",2017,162,201702,85,3,0,01-SEP-17,0.52,2.851,14.247,"Y",2.936,70,62.01408,61.98843,-168.12631,-168.12568,62.00126,-168.126,"V-01","V-01",26,29,"",8.6,6.8,137,"44","15","1"
-718,-17443,"BS",2017,162,201702,86,3,0,01-SEP-17,0.519,2.899,14.509,"Y",2.864,70,61.6809,61.65501,-168.09961,-168.09299,61.66796,-168.0963,"U-01","U-01",26,29,"",9.1,7.3,137,"44","15","1"
-718,-17444,"BS",2017,162,201702,87,3,0,01-SEP-17,0.522,2.958,14.694,"Y",2.802,70,61.35302,61.32641,-168.06646,-168.06593,61.33972,-168.0662,"T-01","T-01",27,30,"",9.6,6.8,137,"44","15","1"
-718,-17453,"BS",2017,162,201702,49,3,6.41,21-AUG-17,0.249,1.303,14.114,"Y",2.418,71,64.3118,64.30196,-171.26742,-171.282,64.30688,-171.27471,"CC-21","CC-21",43,45,"",8.1,2.1,183,"44","15","2"
-718,-17454,"BS",2017,162,201702,50,3,0,21-AUG-17,0.52,2.855,13.987,"Y",2.533,71,64.28829,64.26797,-170.67246,-170.70844,64.27813,-170.69045,"CC-20","CC-20",32,35,"",9,6.6,137,"44","15","2"
-718,-17455,"BS",2017,162,201702,51,3,0,21-AUG-17,0.532,2.912,14.609,"Y",2.729,71,63.98111,64.00706,-170.56345,-170.55519,63.99409,-170.55932,"BB-20","BB-20",27,30,"",7.8,6.4,137,"44","15","12"
-718,-17456,"BS",2017,162,201702,52,3,0,21-AUG-17,0.349,1.961,14.025,"Y",2.852,71,64.30315,64.31983,-169.82305,-169.83627,64.31149,-169.82966,"CC-19","CC-19",36,39,"",6.1,4.1,137,"44","15","1"
-717,-17402,"BS",2017,94,201702,48,3,0,24-AUG-17,0.517,2.735,13.464,"Y",2.524,71,64.02764,64.00304,-165.31257,-165.31273,64.01534,-165.31265,"BB-05","BB-05",15,18,"",11.8,8.9,91,"44","15","1"
-722,-18144,"BS",2018,94,201802,217,13,0,31-JUL-18,0.499,2.657,17.691,"Y",2.796,999,61.25117,61.25116,-172.73427,-172.68491,61.25117,-172.70959,"NBS-8","NBS-8",63,66,"",9.8,4.2,229,"44","15","1"
-722,-18145,"BS",2018,94,201802,218,13,0,31-JUL-18,0.503,2.697,17.755,"Y",2.748,999,61.25612,61.24018,-171.77692,-171.73911,61.24815,-171.75802,"NBS-14","NBS-14",55,58,"",9.6,2.8,229,"44","15","1"
-722,-18195,"BS",2018,94,201802,219,13,0,01-AUG-18,0.496,2.828,17.124,"Y",2.84,999,61.7234,61.7487,-170.75554,-170.76143,61.73605,-170.75849,"NBS-20","NBS-20",46,49,"",10.5,3.6,183,"44","15","1"
-722,-18196,"BS",2018,94,201802,220,13,0,01-AUG-18,0.504,2.797,16.884,"Y",2.938,999,62.23226,62.2573,-170.81739,-170.82298,62.24478,-170.82019,"NBS-19","NBS-19",42,45,"",10.2,1.8,183,"44","15","1"
-722,-18197,"BS",2018,94,201802,221,13,0,01-AUG-18,0.512,2.717,15.959,"Y",2.932,999,62.74098,62.76518,-170.8993,-170.89167,62.75308,-170.89549,"NBS-18","NBS-18",41,44,"",10.2,1.4,183,"44","15","1"
-722,-18172,"BS",2018,94,201802,223,13,0,02-AUG-18,0.5,2.795,16.642,"Y",2.85,999,62.77532,62.75028,-169.72241,-169.72776,62.7628,-169.72509,"NBS-26","NBS-26",40,43,"",10.3,2.8,183,"44","15","2"
-722,-18173,"BS",2018,94,201802,224,13,0,02-AUG-18,0.48,2.682,15.884,"Y",3.121,999,62.26311,62.23899,-169.66134,-169.65982,62.25105,-169.66058,"NBS-27","NBS-27",36,39,"",10.9,2.8,137,"44","15","1"
-722,-18174,"BS",2018,94,201802,225,13,0,02-AUG-18,0.486,2.618,15.925,"Y",3.053,999,61.76001,61.73663,-169.59335,-169.58732,61.74832,-169.59034,"NBS-28","NBS-28",40,43,"",10.7,3.6,137,"44","15","1"
-722,-18175,"BS",2018,94,201802,226,13,0,02-AUG-18,0.491,2.763,15.973,"Y",3,999,61.25579,61.23095,-169.50437,-169.50198,61.24337,-169.50318,"NBS-29","NBS-29",38,42,"",10.1,4.4,137,"44","15","1"
-722,-18176,"BS",2018,94,201802,227,13,0,03-AUG-18,0.496,2.667,16.442,"Y",2.902,999,61.25222,61.22825,-170.65469,-170.65674,61.24024,-170.65572,"NBS-21","NBS-21",45,48,"",9.7,3.3,183,"44","15","2"
-722,-18177,"BS",2018,94,201802,228,13,0,03-AUG-18,0.495,2.669,16.658,"Y",2.972,999,60.76125,60.73726,-170.58796,-170.59022,60.74926,-170.58909,"NBS-22","NBS-22",50,53,"",9.8,4.2,183,"44","15","1"
-723,-18178,"BS",2018,162,201802,196,13,0,01-AUG-18,0.518,2.798,16.986,"Y",2.352,999,62.24431,62.24488,-175.21994,-175.16629,62.2446,-175.19312,"NBS-1","NBS-1",76,78,"",9.1,1.4,274,"44","15","1"
-723,-18179,"BS",2018,162,201802,197,13,0,01-AUG-18,0.519,2.856,16.777,"Y",2.271,999,62.2492,62.25143,-174.01861,-173.96402,62.25032,-173.99132,"NBS-3","NBS-3",62,64,"",9.4,1.9,229,"44","15","2"
-723,-18180,"BS",2018,162,201802,198,13,0,01-AUG-18,0.509,2.817,17.309,"Y",2.124,999,62.73051,62.75566,-174.07743,-174.08422,62.74309,-174.08083,"NBS-2","NBS-2",69,71,"",9.6,1.7,229,"44","15","1"
-723,-18181,"BS",2018,162,201802,199,13,0,01-AUG-18,0.524,2.928,16.81,"Y",2.193,999,62.73719,62.71084,-173.0872,-173.08717,62.72402,-173.08719,"NBS-5","NBS-5",62,64,"",9.8,1.2,229,"44","15","1"
-723,-18182,"BS",2018,162,201802,200,13,0,02-AUG-18,0.527,2.9,16.379,"Y",2.291,999,62.26327,62.23719,-172.91771,-172.91619,62.25023,-172.91695,"NBS-6","NBS-6",55,57,"",9.8,2,229,"44","15","2"
-723,-18183,"BS",2018,162,201802,201,13,0,02-AUG-18,0.514,2.841,16.407,"Y",2.358,999,61.76376,61.7384,-172.8032,-172.79657,61.75108,-172.79989,"NBS-7","NBS-7",60,62,"",9.9,2.6,229,"44","15","1"
-723,-18184,"BS",2018,162,201802,202,13,0,02-AUG-18,0.526,2.906,16.402,"Y",2.299,999,61.7508,61.7534,-171.84866,-171.79409,61.7521,-171.82138,"NBS-13","NBS-13",54,56,"",10.3,2.6,229,"44","15","1"
-723,-18185,"BS",2018,162,201802,203,13,0,02-AUG-18,0.522,2.843,15.861,"Y",2.455,999,62.23029,62.2558,-171.90859,-171.91255,62.24305,-171.91057,"NBS-12","NBS-12",45,47,"",10.2,2.7,183,"44","15","2"
-723,-18187,"BS",2018,162,201802,205,13,4.1,03-AUG-18,0.18,1.024,15.666,"Y",2.696,999,63.26249,63.25351,-171.1148,-171.11024,63.258,-171.11252,"NBS-17","NBS-17",31,34,"",10.6,2.2,137,"44","15","1"
-723,-18188,"BS",2018,162,201802,206,13,0,03-AUG-18,0.529,2.957,16.264,"Y",2.303,999,63.24582,63.24515,-171.9725,-172.03116,63.24549,-172.00183,"NBS-10","NBS-10",56,58,"",10,1,229,"44","15","2"
-723,-18189,"BS",2018,162,201802,207,13,0,03-AUG-18,0.51,2.85,16.733,"Y",2.255,999,62.81744,62.80051,-171.99411,-171.95223,62.80898,-171.97317,"NBS-11","NBS-11",50,52,"",10.3,2.2,183,"44","15","2"
-723,-18190,"BS",2018,162,201802,208,13,0,04-AUG-18,0.513,2.801,16.715,"Y",2.261,999,63.24156,63.26677,-173.11936,-173.12022,63.25417,-173.11979,"NBS-4","NBS-4",66,68,"",10.3,0.7,229,"44","15","1"
-723,-18191,"BS",2018,162,201802,209,13,0,04-AUG-18,0.368,2.036,14.161,"Y",2.73,999,64.23901,64.22648,-171.0909,-171.12146,64.23275,-171.10618,"NBS-15","NBS-15",37,40,"",11.2,3.2,137,"44","15","2"
-723,-18192,"BS",2018,162,201802,210,13,0,05-AUG-18,0.524,2.882,16.799,"Y",2.402,999,64.73641,64.75147,-170.06694,-170.0178,64.74394,-170.04237,"NBS-23","NBS-23",45,47,"",11,3.1,183,"44","15","2"
-723,-18193,"BS",2018,162,201802,211,13,0,05-AUG-18,0.513,2.854,16.251,"Y",2.434,999,65.23351,65.25064,-168.98825,-168.94287,65.24208,-168.96556,"NBS-31","NBS-31",49,51,"",8.3,2.9,183,"44","15","2"
-723,-18194,"BS",2018,162,201802,212,13,0,05-AUG-18,0.521,2.891,14.909,"Y",3.117,999,65.25117,65.25401,-167.8867,-167.82532,65.25259,-167.85601,"NBS-41","NBS-41",30,33,"",13.7,4,137,"44","15","1"
-723,-18202,"BS",2018,162,201802,213,13,0,09-AUG-18,0.518,2.845,15.404,"Y",2.345,999,63.73008,63.75568,-166.59452,-166.59578,63.74288,-166.59515,"NBS-49","NBS-49",27,29,"",12.4,4.3,137,"44","15","1"
-723,-18203,"BS",2018,162,201802,214,13,0,09-AUG-18,0.53,2.984,15.186,"Y",2.109,999,64.24987,64.27667,-166.59958,-166.6028,64.26327,-166.60119,"NBS-48","NBS-48",26,28,"",12.9,3.8,137,"44","15","1"
-723,-18204,"BS",2018,162,201802,215,13,0,09-AUG-18,0.523,2.972,14.39,"Y",2.827,999,64.25088,64.25192,-167.63656,-167.69766,64.2514,-167.66711,"NBS-43","NBS-43",29,32,"",12.7,5,137,"44","15","1"
-723,-18205,"BS",2018,162,201802,216,13,0,10-AUG-18,0.503,2.824,14.58,"Y",2.81,999,64.75445,64.75601,-167.78685,-167.84593,64.75523,-167.81639,"NBS-42","NBS-42",33,36,"",11.2,4.8,137,"44","15","1"
-723,-18206,"BS",2018,162,201802,217,13,1.12,10-AUG-18,0.271,1.499,15.552,"Y",2.64,999,64.74443,64.73118,-168.87759,-168.87178,64.73781,-168.87469,"NBS-32","NBS-32",44,47,"",11.7,4.1,183,"44","15","1"
-723,-18207,"BS",2018,162,201802,218,13,0,10-AUG-18,0.512,2.797,14.197,"Y",2.629,999,64.27223,64.24716,-168.81443,-168.80933,64.2597,-168.81188,"NBS-33","NBS-33",37,40,"",11.5,6.1,137,"44","15","1"
-723,-18208,"BS",2018,162,201802,219,13,0,10-AUG-18,0.456,2.594,14.188,"Y",2.858,999,64.24945,64.24851,-169.94654,-169.99987,64.24898,-169.97321,"NBS-24","NBS-24",36,39,"",11.3,4.6,137,"44","15","1"
-723,-18209,"BS",2018,162,201802,220,13,1.12,11-AUG-18,0.261,1.487,16.236,"Y",2.574,999,63.75659,63.76795,-172.29498,-172.27911,63.76227,-172.28705,"NBS-9","NBS-9",49,52,"",9.9,1,183,"44","15","1"
-723,-18210,"BS",2018,162,201802,221,13,0,11-AUG-18,0.272,1.539,13.564,"Y",2.832,999,63.86494,63.86912,-171.2465,-171.27626,63.86703,-171.26138,"NBS-16","NBS-16",23,26,"",9.3,9.1,137,"44","15","1"
-723,-18211,"BS",2018,162,201802,222,13,0,11-AUG-18,0.381,2.139,15.358,"Y",2.276,999,63.75308,63.7506,-169.96419,-169.92133,63.75184,-169.94276,"NBS-25","NBS-25",41,43,"",10,9,183,"44","15","1"
-723,-18212,"BS",2018,162,201802,223,13,0,11-AUG-18,0.518,2.833,13.883,"Y",2.672,999,63.75038,63.75012,-168.83549,-168.77827,63.75025,-168.80688,"NBS-34","NBS-34",31,34,"",11,6.4,137,"44","15","1"
-723,-18213,"BS",2018,162,201802,224,13,0,12-AUG-18,0.507,2.829,15.482,"Y",2.453,999,63.77148,63.75042,-167.66989,-167.63773,63.76095,-167.65381,"NBS-44","NBS-44",29,31,"",11.2,4.6,137,"44","15","1"
-723,-18214,"BS",2018,162,201802,225,13,0,12-AUG-18,0.508,2.819,15.479,"Y",2.432,999,63.25763,63.24396,-167.61765,-167.6648,63.2508,-167.64123,"NBS-45","NBS-45",34,36,"",11.2,4.9,137,"44","15","2"
-723,-18215,"BS",2018,162,201802,226,13,1.12,12-AUG-18,0.225,1.409,15.966,"Y",2.695,999,63.24092,63.22844,-168.54551,-168.5505,63.23468,-168.54801,"NBS-40","NBS-40",29,32,"",9.8,3,137,"44","15","1"
-723,-18216,"BS",2018,162,201802,227,13,0,12-AUG-18,0.506,2.839,15.545,"Y",2.63,999,62.75991,62.73575,-168.66339,-168.68137,62.74783,-168.67238,"NBS-36","NBS-36",37,40,"",10,4.3,137,"44","15","2"
-723,-18217,"BS",2018,162,201802,228,13,0,13-AUG-18,0.533,3.025,15.383,"Y",2.984,999,62.76084,62.73363,-167.58103,-167.58271,62.74724,-167.58187,"NBS-46","NBS-46",21,24,"",4.9,5.9,137,"44","15","1"
-723,-18218,"BS",2018,162,201802,229,13,0,13-AUG-18,0.534,2.983,15.421,"Y",2.511,999,62.26211,62.23528,-167.54307,-167.54492,62.2487,-167.544,"NBS-47","NBS-47",22,25,"",11.2,7.1,137,"44","15","1"
-723,-18219,"BS",2018,162,201802,230,13,0,13-AUG-18,0.513,2.884,15.676,"Y",2.512,999,62.26547,62.23956,-168.62546,-168.62842,62.25252,-168.62694,"NBS-35","NBS-35",30,33,"",10.8,4,137,"44","15","1"
-723,-18220,"BS",2018,162,201802,231,13,0,13-AUG-18,0.513,2.818,15.496,"Y",2.297,999,61.78443,61.75923,-168.62122,-168.62699,61.77183,-168.62411,"NBS-37","NBS-37",32,34,"",9.9,6.7,137,"44","15","1"
-723,-18221,"BS",2018,162,201802,232,13,0,14-AUG-18,0.508,2.858,15.602,"Y",2.276,999,61.27117,61.24606,-168.60603,-168.59459,61.25862,-168.60031,"NBS-38","NBS-38",31,33,"",8.9,8.7,137,"44","15","1"
-723,-18222,"BS",2018,162,201802,233,13,0,14-AUG-18,0.507,2.863,15.602,"Y",2.338,999,60.76255,60.73693,-168.53513,-168.5296,60.74974,-168.53237,"NBS-39","NBS-39",33,35,"",9.6,9.6,137,"44","15","1"
